artist_name,total_events,weekend_events,countries,cities,pct_weekend,lead_time_days,touring_status,future_events,pct_future_events,events_last_year,revisit_cities,new_cities,pct_revisit_cities,revisit_ratio,pct_events_revisit,most_visited_city,most_visited_n,capital_events,non_capital_events,pct_capital,capital_ratio,unique_capitals,unique_non_capitals,pct_capital_cities,avg_days_between_shows,top1_share,top3_share,top5_share,hhi,n_tracks,total_track_plays,listeners,playcount,tags
$uicideboy$,1,0,1,1,0.0,307.0,active_tour,1,100.0,,0,1,0.0,0.0,0.0,Sacramento,1,0.0,1.0,0.0,0.0,0.0,1.0,0.0,,9.76,26.5,40.28,598.5,20.0,128276845.0,1563970,459188268,"cloud rap, Hip-Hop, trap, rap, Horrorcore"
2hollis,7,2,5,7,28.57,125.0,active_tour,6,85.71,1.0,0,7,0.0,0.0,0.0,Ciudad de México,1,1.0,6.0,14.29,0.167,1.0,6.0,14.29,28.2,15.26,35.96,49.28,729.2,20.0,51804518.0,765293,77435986,"cloud rap, digicore, hyperpop, electropop, Electroclash"
5 Seconds of Summer,67,21,14,65,31.34,146.0,active_tour,67,100.0,,2,63,3.08,0.032,5.97,Birmingham,2,7.0,60.0,10.45,0.117,7.0,58.0,10.77,3.4,13.97,37.12,50.02,733.2,20.0,83827686.0,2228692,205097709,"pop punk, pop rock, pop, australian, rock"
A Boogie wit da Hoodie,5,2,1,5,40.0,46107.0,active_tour,5,100.0,,0,5,0.0,0.0,0.0,University Park,1,1.0,4.0,20.0,0.25,1.0,4.0,20.0,8.2,13.48,34.14,50.06,762.5,20.0,59280055.0,1426412,99562311,"Hip-Hop, rap, hip hop, trap, Melodic Rap"
A$AP Rocky,39,11,11,39,28.21,140.0,active_tour,39,100.0,,0,39,0.0,0.0,0.0,Detroit,1,6.0,33.0,15.38,0.182,6.0,33.0,15.38,3.3,12.81,31.0,47.33,684.9,20.0,192951112.0,3389842,357103920,"Hip-Hop, rap, underground hip-hop, swag, cloud rap"
AC/DC,22,7,3,18,31.82,123.0,active_tour,22,100.0,,1,17,5.56,0.059,15.0,Ciudad de México,3,0.0,22.0,0.0,0.0,0.0,18.0,0.0,9.6,15.32,42.54,60.66,921.3,20.0,109681489.0,4509544,210840303,"hard rock, classic rock, rock, heavy metal, metal"
Addison Rae,1,0,1,1,0.0,173.0,active_tour,1,100.0,,0,1,0.0,0.0,0.0,Dublin,1,1.0,0.0,100.0,,1.0,0.0,100.0,,21.58,48.69,64.24,1094.9,20.0,105743009.0,1486740,105718875,"pop, american, electropop, alt-pop, queen of pop"
Adele,12,7,1,4,58.33,269.0,active_tour,11,91.67,2.0,4,0,100.0,,100.0,Arlington,3,0.0,12.0,0.0,0.0,0.0,4.0,0.0,4.0,13.16,33.85,46.87,675.1,20.0,212626387.0,5565336,315075342,"soul, female vocalists, british, singer-songwriter, indie"
Aerosmith,2,2,1,2,100.0,169.0,active_tour,2,100.0,,0,2,0.0,0.0,0.0,Charlotte,1,0.0,2.0,0.0,0.0,0.0,2.0,0.0,15.0,22.38,38.79,54.51,924.1,20.0,78906189.0,4687407,130073249,"hard rock, classic rock, rock, 80s, 70s"
Air,27,11,2,23,40.74,46090.0,active_tour,27,100.0,,2,21,8.7,0.095,22.22,Las Vegas,4,0.0,27.0,0.0,0.0,0.0,23.0,0.0,8.1,11.11,26.89,44.35,630.6,20.0,67907106.0,3182451,135765945,"electronic, chillout, ambient, french, electronica"
Akon,65,24,14,56,36.92,83.0,active_tour,65,100.0,,5,51,8.93,0.098,21.54,London,4,13.0,52.0,20.0,0.25,7.0,49.0,12.5,1.9,19.66,47.52,65.7,1057.6,20.0,40439914.0,3693557,60704386,"rnb, Hip-Hop, rap, pop, hip hop"
Alex G,4,0,2,4,0.0,116.0,active_tour,4,100.0,,0,4,0.0,0.0,0.0,San Diego,1,0.0,4.0,0.0,0.0,0.0,4.0,0.0,11.7,13.43,32.02,46.77,691.9,20.0,143818198.0,2027114,247481111,"Lo-Fi, singer-songwriter, indie rock, indie, indie folk"
Alex Warren,49,13,9,45,26.53,189.0,active_tour,49,100.0,,4,41,8.89,0.098,16.33,Amsterdam,2,7.0,42.0,14.29,0.167,4.0,41.0,8.89,2.2,29.3,50.84,64.87,1300.0,20.0,23466209.0,921253,26584497,"folk, pop, singer-songwriter, indie, indie folk"
Alice in Chains,1,1,1,1,100.0,181.0,active_tour,1,100.0,,0,1,0.0,0.0,0.0,Southampton,1,0.0,1.0,0.0,0.0,0.0,1.0,0.0,,12.36,31.68,41.43,667.3,20.0,117952511.0,3411263,215748292,"Grunge, alternative rock, rock, hard rock, alternative"
All Time Low,4,3,1,4,75.0,253.0,active_tour,4,100.0,,0,4,0.0,0.0,0.0,Peoria,1,0.0,4.0,0.0,0.0,0.0,4.0,0.0,56.0,23.21,40.73,50.87,918.7,20.0,62473670.0,2543992,144065502,"pop punk, powerpop, rock, punk, emo"
America,16,9,1,16,56.25,46085.0,active_tour,16,100.0,1.0,0,16,0.0,0.0,0.0,Louisville,1,0.0,16.0,0.0,0.0,0.0,16.0,0.0,7.5,35.82,70.83,80.21,2016.6,20.0,34632291.0,2107097,39086672,"classic rock, rock, 70s, soft rock, folk"
Amy Winehouse,36,17,2,35,47.22,195.0,active_tour,36,100.0,,1,34,2.86,0.029,5.56,London,2,3.0,33.0,8.33,0.091,2.0,33.0,5.71,9.1,17.26,38.86,56.61,842.8,20.0,143902980.0,4581562,201553766,"soul, jazz, female vocalists, british, singer-songwriter"
Anitta,1,1,1,1,100.0,312.0,active_tour,1,100.0,,0,1,0.0,0.0,0.0,Berlin,1,1.0,0.0,100.0,,1.0,0.0,100.0,,10.45,27.65,34.0,690.0,20.0,62650768.0,1189909,153086836,"pop, brazilian, funk, dance, female vocalists"
Arctic Monkeys,1,1,1,1,100.0,67.0,active_tour,1,100.0,,0,1,0.0,0.0,0.0,Ankara,1,1.0,0.0,100.0,,1.0,0.0,100.0,,11.66,29.18,44.68,634.5,20.0,481382211.0,7015740,918368045,"indie rock, indie, british, alternative, rock"
Ariana Grande,41,12,3,11,29.27,268.0,active_tour,41,100.0,,11,0,100.0,,100.0,London,10,10.0,31.0,24.39,0.323,1.0,10.0,9.09,2.2,7.67,19.6,28.21,559.5,20.0,367213645.0,4406075,1079846196,"pop, rnb, female vocalists, Ariana Grande, american"
Artemas,8,3,2,8,37.5,46085.0,active_tour,8,100.0,1.0,0,8,0.0,0.0,0.0,New York,1,0.0,8.0,0.0,0.0,0.0,8.0,0.0,2.0,39.33,65.75,76.11,2136.6,20.0,41476744.0,1577748,51433725,"pop, british, rnb, indie, dark pop"
Ashnikko,32,7,5,32,21.88,183.0,active_tour,32,100.0,,0,32,0.0,0.0,0.0,Nashville,1,0.0,32.0,0.0,0.0,0.0,32.0,0.0,6.2,16.5,37.75,48.84,758.6,20.0,41666387.0,1437241,62578850,"pop, electronic, electropop, Hip-Hop, rap"
Avenged Sevenfold,16,5,2,16,31.25,224.0,active_tour,16,100.0,,0,16,0.0,0.0,0.0,Ridgedale,1,0.0,16.0,0.0,0.0,0.0,16.0,0.0,2.2,8.2,23.95,37.01,557.5,20.0,115566169.0,2842970,228521585,"metalcore, hard rock, metal, hardcore, rock"
BTS,39,21,7,16,53.85,90.0,active_tour,39,100.0,,16,0,100.0,,100.0,Las Vegas,4,6.0,33.0,15.38,0.182,3.0,13.0,18.75,3.5,16.06,36.9,52.76,918.6,20.0,1062636920.0,2316882,2967402208,"k-pop, bts, Kpop, Korean, pop"
Baby Keem,45,12,6,37,26.67,46124.0,active_tour,45,100.0,,7,30,18.92,0.233,33.33,San Francisco,3,3.0,42.0,6.67,0.071,3.0,34.0,8.11,3.5,18.83,41.1,59.31,910.4,20.0,149966783.0,1987315,195006090,"Hip-Hop, rap, trap, hip hop, west coast hip hop"
Bad Bunny,26,15,9,10,57.69,46161.0,active_tour,26,100.0,,8,2,80.0,4.0,92.31,Madrid,10,16.0,10.0,61.54,1.6,5.0,5.0,50.0,2.4,9.57,24.37,37.64,567.5,20.0,154811737.0,2475994,382878834,"Reggaeton, trap, latin, puerto rico, trap latino"
Bad Omens,22,7,5,18,31.82,149.0,active_tour,21,95.45,1.0,3,15,16.67,0.2,31.82,Derby,3,2.0,20.0,9.09,0.1,1.0,17.0,5.56,6.4,13.17,35.84,46.53,700.7,20.0,59678738.0,771882,84160566,"metalcore, post-hardcore, alternative metal, metal, alternative rock"
Bee Gees,1,1,1,1,100.0,134.0,active_tour,1,100.0,,0,1,0.0,0.0,0.0,San Leandro,1,0.0,1.0,0.0,0.0,0.0,1.0,0.0,,13.15,41.97,55.38,856.6,20.0,47950901.0,3401162,68281826,"Disco, pop, 70s, classic rock, oldies"
Benson Boone,1,1,1,1,100.0,53.0,active_tour,1,100.0,,0,1,0.0,0.0,0.0,Birmingham,1,0.0,1.0,0.0,0.0,0.0,1.0,0.0,,25.3,50.71,67.17,1199.1,20.0,38574177.0,1456781,44423716,"pop, rock, pop rock, my top songs, singer-songwriter"
Big Thief,13,4,6,7,30.77,208.0,active_tour,13,100.0,,4,3,57.14,1.333,76.92,London,4,8.0,5.0,61.54,1.6,4.0,3.0,57.14,13.8,14.68,40.74,55.82,827.7,20.0,74619857.0,1625085,117556612,"indie rock, indie folk, folk, folk rock, indie"
BigXthaPlug,6,5,2,6,83.33,46092.0,active_tour,6,100.0,,0,6,0.0,0.0,0.0,Duluth,1,2.0,4.0,33.33,0.5,2.0,4.0,33.33,23.8,17.58,41.03,56.37,880.9,20.0,24945412.0,927084,31886230,"Hip-Hop, rap, texas, dallas, trap"
Billy Idol,1,0,1,1,0.0,56.0,active_tour,1,100.0,,0,1,0.0,0.0,0.0,El Cajon,1,0.0,1.0,0.0,0.0,0.0,1.0,0.0,,39.31,66.29,79.35,2102.5,20.0,43710412.0,3019938,56090272,"rock, new wave, 80s, punk, classic rock"
Billy Joel,5,3,3,5,60.0,525.0,active_tour,5,100.0,,0,5,0.0,0.0,0.0,Liverpool,1,0.0,5.0,0.0,0.0,0.0,5.0,0.0,27.8,12.81,46.35,61.9,984.0,20.0,94170654.0,4002041,126400231,"classic rock, singer-songwriter, rock, pop, piano"
Black Eyed Peas,1,1,1,1,100.0,137.0,active_tour,1,100.0,,0,1,0.0,0.0,0.0,Milton Keynes,1,0.0,1.0,0.0,0.0,0.0,1.0,0.0,,15.03,40.19,52.84,833.2,20.0,105626011.0,5654716,149750731,"Hip-Hop, pop, rnb, rap, hip hop"
Blondie,1,0,1,1,0.0,280.0,active_tour,1,100.0,,0,1,0.0,0.0,0.0,York,1,0.0,1.0,0.0,0.0,0.0,1.0,0.0,,20.49,48.96,62.02,1034.6,20.0,52612251.0,3393016,73350469,"new wave, 80s, rock, female vocalists, pop"
Blood Orange,10,4,4,8,40.0,46085.0,active_tour,9,90.0,2.0,1,7,12.5,0.143,22.22,Atlanta,2,0.0,10.0,0.0,0.0,0.0,8.0,0.0,21.9,26.09,44.77,54.61,1068.3,20.0,62772466.0,1932824,101774598,"chillwave, indie, rnb, alternative rnb, indie pop"
Bob Dylan,23,6,1,23,26.09,46099.0,active_tour,23,100.0,,0,23,0.0,0.0,0.0,Tyler,1,0.0,23.0,0.0,0.0,0.0,23.0,0.0,1.8,12.17,31.2,43.79,655.9,20.0,98464556.0,4266431,290987548,"folk, singer-songwriter, classic rock, folk rock, rock"
Bon Jovi,14,5,3,4,35.71,248.0,active_tour,14,100.0,,2,2,50.0,1.0,85.71,New York,9,4.0,10.0,28.57,0.4,2.0,2.0,50.0,4.9,20.57,51.15,65.43,1109.1,20.0,77968241.0,4208319,123565014,"rock, hard rock, classic rock, 80s, hair metal"
Bring Me the Horizon,18,8,5,17,44.44,221.0,active_tour,18,100.0,,1,16,5.88,0.062,11.11,Dessel,2,0.0,18.0,0.0,0.0,0.0,17.0,0.0,3.7,11.41,27.37,40.79,594.9,20.0,131026974.0,2789482,316309619,"deathcore, metalcore, screamo, hardcore, metal"
Britney Spears,4,4,1,4,100.0,316.0,active_tour,4,100.0,,0,4,0.0,0.0,0.0,Swansea,1,1.0,3.0,25.0,0.333,1.0,3.0,25.0,46.7,12.46,31.73,44.05,659.0,20.0,238553639.0,6372536,487801745,"pop, dance, female vocalists, Britney Spears, legend"
Bruce Springsteen,20,4,1,18,20.0,38.0,active_tour,20,100.0,,2,16,11.11,0.125,20.0,Inglewood,2,0.0,20.0,0.0,0.0,0.0,18.0,0.0,3.0,15.56,36.22,53.95,795.4,20.0,62822360.0,3546912,148895671,"rock, classic rock, singer-songwriter, folk, 80s"
Bruno Mars,80,39,9,34,48.75,46119.0,active_tour,80,100.0,,25,9,73.53,2.778,88.75,London,6,15.0,65.0,18.75,0.231,4.0,30.0,11.76,3.1,10.79,26.57,42.04,610.7,20.0,228338417.0,5149729,287374114,"pop, rnb, male vocalists, r&b, slow jams"
Bryson Tiller,1,1,1,1,100.0,67.0,active_tour,1,100.0,,0,1,0.0,0.0,0.0,Abu Dhabi,1,1.0,0.0,100.0,,1.0,0.0,100.0,,22.03,45.28,61.9,1024.0,20.0,77549914.0,1673484,102839163,"rnb, Hip-Hop, trap, rap, soul"
Cage the Elephant,3,2,1,3,66.67,336.0,active_tour,3,100.0,,0,3,0.0,0.0,0.0,Saint Paul,1,0.0,3.0,0.0,0.0,0.0,3.0,0.0,61.0,23.59,44.93,57.86,1006.7,20.0,102065458.0,3345543,144214252,"indie rock, alternative, rock, indie, punk rock"
Calvin Harris,12,10,3,8,83.33,196.0,active_tour,12,100.0,,4,4,50.0,1.0,66.67,Glasgow,2,1.0,11.0,8.33,0.091,1.0,7.0,12.5,15.3,9.82,24.91,43.65,680.0,20.0,117062432.0,4941812,203633856,"electronic, dance, electro, Disco, electronica"
Cardi B,24,9,2,22,37.5,46085.0,active_tour,23,95.83,2.0,2,20,9.09,0.1,16.67,New York,2,1.0,23.0,4.17,0.043,1.0,21.0,4.55,1.9,22.45,43.13,59.21,985.7,20.0,65945095.0,2385192,76994131,"Hip-Hop, rap, trap, hip hop, american"
Cavetown,14,8,5,12,57.14,148.0,active_tour,14,100.0,1.0,2,10,16.67,0.2,28.57,London,2,5.0,9.0,35.71,0.556,3.0,9.0,25.0,17.8,16.29,38.86,54.82,839.6,20.0,57055075.0,1609528,86141715,"indie pop, pop, indie, bedroom pop, Lo-Fi"
Charli xcx,5,3,2,3,60.0,246.0,active_tour,5,100.0,,1,2,33.33,0.5,60.0,San Francisco,3,0.0,5.0,0.0,0.0,0.0,3.0,0.0,5.5,10.31,26.51,42.99,624.2,20.0,319320016.0,3704686,697501352,"pop, synthpop, electronic, female vocalists, Electroclash"
Charlie Puth,42,14,10,42,33.33,46131.0,active_tour,42,100.0,,0,42,0.0,0.0,0.0,Santa Barbara,1,5.0,37.0,11.9,0.135,5.0,37.0,11.9,2.4,9.89,71.63,80.25,3082.2,20.0,112351622.0,2410781,132342443,"pop, rnb, soul, american, USA"
Chevelle,36,11,3,36,30.56,46127.0,active_tour,36,100.0,,0,36,0.0,0.0,0.0,Rogers,1,1.0,35.0,2.78,0.029,1.0,35.0,2.78,5.4,17.31,43.99,55.63,889.5,20.0,35198926.0,1803654,59042783,"alternative rock, alternative metal, rock, hard rock, alternative"
Chief Keef,2,1,1,2,50.0,46092.0,active_tour,2,100.0,,0,2,0.0,0.0,0.0,South Padre Island,1,0.0,2.0,0.0,0.0,0.0,2.0,0.0,55.0,21.61,41.89,60.78,987.9,20.0,66415638.0,1715350,137494250,"Hip-Hop, rap, drill, Gangsta Rap, trap"
Childish Gambino,5,0,1,5,0.0,843.0,active_tour,5,100.0,,0,5,0.0,0.0,0.0,San Francisco,1,0.0,5.0,0.0,0.0,0.0,5.0,0.0,0.0,13.56,34.06,56.96,807.2,20.0,208185642.0,3744860,319453833,"Hip-Hop, rap, hip hop, indie, underground hip-hop"
Chris Brown,1,1,1,1,100.0,39.0,active_tour,1,100.0,,0,1,0.0,0.0,0.0,Sunrise,1,0.0,1.0,0.0,0.0,0.0,1.0,0.0,,11.69,34.27,48.1,710.4,20.0,67190509.0,4721507,156377626,"rnb, Hip-Hop, Chris Brown, rap, hip hop"
Chris Isaak,9,4,4,9,44.44,46085.0,active_tour,9,100.0,1.0,0,9,0.0,0.0,0.0,Weert,1,2.0,7.0,22.22,0.286,2.0,7.0,22.22,15.9,67.48,77.4,83.99,4649.4,20.0,25015227.0,2015168,31774793,"rock, blues, singer-songwriter, 80s, pop"
Christina Aguilera,4,1,3,4,25.0,127.0,active_tour,4,100.0,,0,4,0.0,0.0,0.0,Durant,1,1.0,3.0,25.0,0.333,1.0,3.0,25.0,14.0,13.92,30.04,44.26,700.7,20.0,71171630.0,4429479,206545335,"pop, female vocalists, soul, rnb, dance"
Christina Aguilera,4,1,3,4,25.0,127.0,active_tour,4,100.0,,0,4,0.0,0.0,0.0,Durant,1,1.0,3.0,25.0,0.333,1.0,3.0,25.0,14.0,13.92,30.04,44.26,700.7,20.0,71171630.0,4429479,206545335,"pop, female vocalists, soul, rnb, dance"
Clean Bandit,1,1,1,1,100.0,197.0,active_tour,1,100.0,,0,1,0.0,0.0,0.0,Milton Keynes,1,0.0,1.0,0.0,0.0,0.0,1.0,0.0,,27.55,56.78,73.98,1445.0,20.0,41123691.0,2514159,49927188,"electronic, indie, experimental, british, electronica"
Coldplay,4,1,1,4,25.0,329.0,active_tour,4,100.0,,0,4,0.0,0.0,0.0,Derby,1,0.0,4.0,0.0,0.0,0.0,4.0,0.0,60.3,10.62,30.64,44.65,674.8,20.0,360857486.0,9019488,772721635,"rock, alternative, britpop, alternative rock, indie"
Conan Gray,29,11,14,27,37.93,168.0,active_tour,28,96.55,2.0,1,26,3.7,0.038,10.34,London,3,9.0,20.0,31.03,0.45,7.0,20.0,25.93,7.3,13.34,29.73,46.17,669.5,20.0,159122080.0,2379267,244693650,"pop, indie pop, indie, my top songs, yearning"
Creed,14,6,2,10,42.86,46089.0,active_tour,14,100.0,,2,8,20.0,0.25,42.86,Craven,4,0.0,14.0,0.0,0.0,0.0,10.0,0.0,10.5,23.94,49.4,68.38,1166.8,20.0,44352069.0,2417322,56627859,"rock, alternative rock, hard rock, Grunge, alternative"
Creedence Clearwater Revival,8,3,2,8,37.5,296.0,active_tour,8,100.0,,0,8,0.0,0.0,0.0,Hjørring,1,1.0,7.0,12.5,0.143,1.0,7.0,12.5,29.7,19.38,44.73,55.36,908.5,20.0,92473470.0,4045557,120938410,"classic rock, rock, Southern Rock, 60s, folk"
DJ Snake,3,3,1,3,100.0,137.0,active_tour,3,100.0,,0,3,0.0,0.0,0.0,Chicago,1,0.0,3.0,0.0,0.0,0.0,3.0,0.0,63.0,23.7,46.31,58.34,1101.1,20.0,40252585.0,2554391,47740094,"trap, electronic, dance, EDM, french"
Daft Punk,3,3,1,3,100.0,147.0,active_tour,3,100.0,,0,3,0.0,0.0,0.0,Fontana,1,0.0,3.0,0.0,0.0,0.0,3.0,0.0,17.5,10.6,25.84,41.48,615.6,20.0,175147167.0,6249715,401525530,"electronic, House, dance, techno, electronica"
Daniel Caesar,1,1,1,1,100.0,161.0,active_tour,1,100.0,,0,1,0.0,0.0,0.0,Eau Claire,1,0.0,1.0,0.0,0.0,0.0,1.0,0.0,,13.24,32.9,45.86,675.6,20.0,165780120.0,2302276,234072485,"rnb, soul, Neo-Soul, Canadian, alternative rnb"
Dave,38,14,1,29,36.84,186.0,active_tour,38,100.0,,8,21,27.59,0.381,44.74,George,3,0.0,38.0,0.0,0.0,0.0,29.0,0.0,4.0,20.53,36.7,48.41,815.0,20.0,50098441.0,1257297,74680585,"french, rap, Grime, Hip-Hop, hip hop"
David Guetta,2,0,2,2,0.0,46144.0,active_tour,2,100.0,,0,2,0.0,0.0,0.0,Morrison,1,0.0,2.0,0.0,0.0,0.0,2.0,0.0,58.0,11.38,34.03,50.11,701.9,20.0,88428108.0,5160920,185161947,"House, dance, electronic, club, techno"
Deftones,7,3,5,7,42.86,153.0,active_tour,7,100.0,,0,7,0.0,0.0,0.0,Monterrey,1,2.0,5.0,28.57,0.4,2.0,5.0,28.57,35.2,9.42,28.23,45.41,627.9,20.0,286343884.0,4165017,554151364,"Nu Metal, alternative, metal, alternative rock, alternative metal"
Demi Lovato,23,7,2,23,30.43,46117.0,active_tour,23,100.0,,0,23,0.0,0.0,0.0,Denver,1,0.0,23.0,0.0,0.0,0.0,23.0,0.0,2.1,16.33,37.1,51.08,762.8,20.0,81372568.0,3334640,196681853,"pop, pop rock, female vocalists, Disney, guilty pleasure"
Denzel Curry,1,1,1,1,100.0,68.0,active_tour,1,100.0,,0,1,0.0,0.0,0.0,Lismore,1,0.0,1.0,0.0,0.0,0.0,1.0,0.0,,15.83,30.01,41.19,657.4,20.0,65977066.0,1606417,152554741,"Hip-Hop, rap, hip hop, Southern Hip Hop, trap"
Destroy Lonely,4,1,3,4,25.0,46098.0,active_tour,4,100.0,,0,4,0.0,0.0,0.0,South Padre Island,1,0.0,4.0,0.0,0.0,0.0,4.0,0.0,37.0,13.83,32.88,46.88,696.1,20.0,82471723.0,886732,186970053,"opium, trap, plugg, rap, rage"
Dire Straits,1,1,1,1,100.0,78.0,active_tour,1,100.0,,0,1,0.0,0.0,0.0,Inverness,1,0.0,1.0,0.0,0.0,0.0,1.0,0.0,,25.42,45.4,60.32,1073.5,20.0,76639530.0,3489758,113777013,"classic rock, rock, 80s, blues, guitar"
Disclosure,20,5,4,13,25.0,46090.0,active_tour,20,100.0,,5,8,38.46,0.625,60.0,Denver,3,0.0,20.0,0.0,0.0,0.0,13.0,0.0,8.9,29.77,48.82,62.83,1283.2,20.0,44290763.0,2438802,73942876,"electronic, UK Garage, House, future garage, dubstep"
Djo,24,11,3,14,45.83,137.0,active_tour,24,100.0,,9,5,64.29,1.8,79.17,San Francisco,3,0.0,24.0,0.0,0.0,0.0,14.0,0.0,6.0,44.71,60.56,68.9,2235.3,20.0,72879051.0,2256954,87510894,"psychedelic pop, indie pop, indie, psychedelic, indie rock"
Doja Cat,41,10,8,41,24.39,169.0,active_tour,41,100.0,,0,41,0.0,0.0,0.0,Denver,1,5.0,36.0,12.2,0.139,5.0,36.0,12.2,6.4,9.7,25.79,38.89,592.2,20.0,290831943.0,3560361,456043431,"pop, rnb, rap, Hip-Hop, hip hop"
Dominic Fike,13,4,2,11,30.77,110.0,active_tour,13,100.0,,2,9,18.18,0.222,30.77,Seattle,2,0.0,13.0,0.0,0.0,0.0,11.0,0.0,13.7,20.74,39.46,52.12,875.4,20.0,99952771.0,2334593,143046989,"indie, indie pop, pop, alternative, american"
Don Toliver,35,11,3,34,31.43,128.0,active_tour,35,100.0,,1,33,2.94,0.03,5.71,Los Angeles,2,0.0,35.0,0.0,0.0,0.0,34.0,0.0,3.5,11.64,31.19,44.95,683.7,20.0,133823527.0,2440803,255139710,"rap, trap, Hip-Hop, rnb, texas"
Drake,12,4,1,11,33.33,208.0,active_tour,12,100.0,,1,10,9.09,0.1,16.67,Alpharetta,2,0.0,12.0,0.0,0.0,0.0,11.0,0.0,8.9,8.68,24.32,34.83,578.4,20.0,253230975.0,6646671,1128317449,"Hip-Hop, rap, rnb, hip hop, Canadian"
Duran Duran,7,2,3,4,28.57,100.0,active_tour,7,100.0,,1,3,25.0,0.333,57.14,Las Vegas,4,0.0,7.0,0.0,0.0,0.0,4.0,0.0,9.0,13.01,31.31,43.54,785.0,20.0,45793929.0,3130713,75127293,"new wave, 80s, pop, synth pop, rock"
Eagles,10,5,1,5,50.0,118.0,active_tour,9,90.0,1.0,1,4,20.0,0.25,60.0,Las Vegas,6,0.0,10.0,0.0,0.0,0.0,5.0,0.0,7.9,27.43,53.14,61.35,1279.1,20.0,48184664.0,3790002,78088244,"classic rock, rock, 70s, soft rock, country"
"Earth, Wind & Fire",47,16,3,44,34.04,46104.0,active_tour,47,100.0,,3,41,6.82,0.073,12.77,Atlanta,2,0.0,47.0,0.0,0.0,0.0,44.0,0.0,3.8,41.32,71.1,78.9,2244.3,20.0,40973555.0,2910579,48196406,"funk, soul, Disco, 70s, rnb"
Ed Sheeran,28,19,3,23,67.86,235.0,active_tour,28,100.0,,4,19,17.39,0.211,32.14,Toronto,3,1.0,27.0,3.57,0.037,1.0,22.0,4.35,6.3,8.96,25.99,40.87,582.4,20.0,131505598.0,4161226,252630630,"acoustic, british, singer-songwriter, pop, easy-listening"
Electric Light Orchestra,9,1,1,9,11.11,306.0,active_tour,8,88.89,1.0,0,9,0.0,0.0,0.0,Troy,1,0.0,9.0,0.0,0.0,0.0,9.0,0.0,4.4,27.04,47.64,63.11,1187.7,20.0,48541375.0,2943981,75934610,"classic rock, Progressive rock, rock, 70s, british"
Elton John,1,0,1,1,0.0,230.0,active_tour,1,100.0,,0,1,0.0,0.0,0.0,Quebec,1,0.0,1.0,0.0,0.0,0.0,1.0,0.0,,14.19,33.07,49.8,777.8,20.0,99239641.0,5171397,161015546,"pop, classic rock, singer-songwriter, rock, piano"
Eminem,2,1,1,2,50.0,213.0,active_tour,2,100.0,,0,2,0.0,0.0,0.0,Norwich ,1,1.0,1.0,50.0,1.0,1.0,1.0,50.0,22.0,10.68,26.93,41.07,600.9,20.0,194502259.0,7726026,561177490,"rap, Hip-Hop, hip hop, Eminem, pop"
Empire of the Sun,11,4,6,9,36.36,189.0,active_tour,11,100.0,,1,8,11.11,0.125,27.27,San Francisco,3,2.0,9.0,18.18,0.222,2.0,7.0,22.22,7.0,32.12,68.48,79.42,2025.9,20.0,67618161.0,2984014,76705630,"electronic, synthpop, australian, electronica, synth pop"
EsDeeKid,4,1,4,4,25.0,310.0,active_tour,4,100.0,,0,4,0.0,0.0,0.0,London,1,1.0,3.0,25.0,0.333,1.0,3.0,25.0,35.7,,,,,,,875817,54620316,"cloud rap, trap, Jerk, rap, british"
Ethel Cain,28,10,4,22,35.71,192.0,active_tour,28,100.0,,4,18,18.18,0.222,35.71,San Francisco,3,1.0,27.0,3.57,0.037,1.0,21.0,4.55,4.3,14.54,35.04,48.43,705.1,20.0,108971962.0,1240159,145826203,"dream pop, slowcore, ambient, dark ambient, drone"
Evanescence,39,13,5,39,33.33,183.0,active_tour,39,100.0,,0,39,0.0,0.0,0.0,Forest (Brussels),1,1.0,38.0,2.56,0.026,1.0,38.0,2.56,4.8,22.14,44.06,56.44,951.4,20.0,133608623.0,4440482,214331242,"Gothic Rock, rock, female vocalists, alternative, Gothic"
Exo,1,1,1,1,100.0,53.0,active_tour,1,100.0,,0,1,0.0,0.0,0.0,Houten,1,0.0,1.0,0.0,0.0,0.0,1.0,0.0,,10.47,27.06,40.95,651.4,20.0,72392498.0,1033112,165379088,"k-pop, exo, Korean, Kpop, exo-k"
FKA twigs,22,6,8,21,27.27,112.0,active_tour,22,100.0,,1,20,4.76,0.05,9.09,Werchter,2,3.0,19.0,13.64,0.158,3.0,18.0,14.29,5.4,10.34,25.9,39.97,584.5,20.0,76097366.0,1644501,148770286,"trip-hop, electronic, experimental, dream pop, alternative rnb"
Fetty Wap,1,1,1,1,100.0,35.0,active_tour,1,100.0,,0,1,0.0,0.0,0.0,Montclair,1,0.0,1.0,0.0,0.0,0.0,1.0,0.0,,34.6,69.11,83.59,1942.9,20.0,28742345.0,1668347,32003000,"Hip-Hop, rap, trap, rnb, hip hop"
Fleetwood Mac,2,1,2,2,50.0,126.0,active_tour,2,100.0,,0,2,0.0,0.0,0.0,Brisbane,1,0.0,2.0,0.0,0.0,0.0,2.0,0.0,107.0,16.01,37.67,50.54,773.3,20.0,168844974.0,4808547,289097731,"classic rock, rock, 70s, blues, pop"
Flo Rida,9,1,5,9,11.11,46112.0,active_tour,9,100.0,,0,9,0.0,0.0,0.0,New York,1,0.0,9.0,0.0,0.0,0.0,9.0,0.0,10.8,13.22,38.42,59.62,916.9,20.0,56980019.0,4118878,75015990,"Hip-Hop, rap, hip hop, Dirty South, southern rap"
Fontaines D.C.,3,1,2,3,33.33,267.0,active_tour,3,100.0,,0,3,0.0,0.0,0.0,Leeds,1,0.0,3.0,0.0,0.0,0.0,3.0,0.0,10.5,13.77,34.29,50.6,732.2,20.0,54258091.0,1068219,74600803,"post-punk, Crank wave, indie rock, irish, post-brexit new wave"
Foo Fighters,23,9,7,20,39.13,188.0,active_tour,23,100.0,,2,18,10.0,0.111,21.74,Napa,3,2.0,21.0,8.7,0.095,2.0,18.0,10.0,6.4,23.74,43.38,58.02,1013.0,20.0,189528858.0,6313148,359676961,"rock, alternative rock, Grunge, alternative, hard rock"
Foster the People,2,1,1,2,50.0,120.0,active_tour,2,100.0,,0,2,0.0,0.0,0.0,Louisville,1,0.0,2.0,0.0,0.0,0.0,2.0,0.0,195.0,31.23,49.31,60.94,1337.3,20.0,97005607.0,3687798,117884199,"indie, indie pop, alternative, american, indie rock"
Frank Sinatra,35,35,1,1,100.0,129.0,active_tour,35,100.0,,1,0,100.0,,100.0,Berlin,35,35.0,0.0,100.0,,1.0,0.0,100.0,7.6,11.19,36.93,51.34,795.6,20.0,67960488.0,4885987,179271799,"jazz, swing, oldies, vocal jazz, easy listening"
Franz Ferdinand,14,6,7,13,42.86,290.0,active_tour,13,92.86,1.0,1,12,7.69,0.083,14.29,Werchter,2,2.0,12.0,14.29,0.167,2.0,11.0,15.38,12.0,29.04,41.07,51.36,1140.9,20.0,108321869.0,4831912,179077783,"indie rock, indie, rock, alternative, britpop"
Freddie Gibbs,20,8,4,18,40.0,46098.0,active_tour,20,100.0,,2,16,11.11,0.125,20.0,Manchester,2,4.0,16.0,20.0,0.25,3.0,15.0,16.67,4.9,11.44,29.72,43.9,646.0,20.0,49273849.0,1278766,107699731,"Hip-Hop, Gangsta Rap, rap, underground hip-hop, hip hop"
Future,1,0,1,1,0.0,206.0,active_tour,1,100.0,,0,1,0.0,0.0,0.0,Tampere,1,0.0,1.0,0.0,0.0,0.0,1.0,0.0,,7.19,28.86,42.36,651.7,20.0,172939306.0,3171840,449794315,"Hip-Hop, rap, trap, hip hop, atlanta"
Geese,23,9,7,15,39.13,220.0,active_tour,23,100.0,,5,10,33.33,0.5,56.52,London,3,4.0,19.0,17.39,0.211,2.0,13.0,13.33,8.3,11.08,28.66,40.09,599.0,20.0,29868427.0,511461,33999772,"indie rock, post-punk, art punk, Crank wave, dance-punk"
Gigi Perez,30,10,2,22,33.33,46181.0,active_tour,30,100.0,,6,16,27.27,0.375,46.67,Boston,4,0.0,30.0,0.0,0.0,0.0,22.0,0.0,2.8,55.78,76.55,83.97,3396.3,20.0,47482024.0,1363612,47691976,"bedroom pop, singer-songwriter, indie, folk, my top songs"
Givēon,8,2,6,8,25.0,114.0,active_tour,8,100.0,,0,8,0.0,0.0,0.0,Dübendorf,1,4.0,4.0,50.0,1.0,4.0,4.0,50.0,2.6,11.93,36.9,47.79,729.7,20.0,18931707.0,688767,24836079,"rnb, soul, pop, USA, Neo Soul"
Gorillaz,41,17,7,36,41.46,181.0,active_tour,41,100.0,,4,32,11.11,0.125,20.0,Werchter,2,3.0,38.0,7.32,0.079,2.0,34.0,5.56,6.2,15.96,36.46,52.17,762.6,20.0,241443430.0,6779023,501969515,"electronic, alternative, Hip-Hop, rock, indie"
Grimes,1,0,1,1,0.0,111.0,active_tour,1,100.0,,0,1,0.0,0.0,0.0,Belfast,1,0.0,1.0,0.0,0.0,0.0,1.0,0.0,,19.65,48.54,59.12,1023.8,20.0,115478102.0,2627478,193603349,"electronic, dream pop, experimental, psychedelic, Canadian"
Gunna,11,3,6,9,27.27,263.0,active_tour,11,100.0,,2,7,22.22,0.286,36.36,Amsterdam,2,5.0,6.0,45.45,0.833,3.0,6.0,33.33,13.1,15.18,33.22,46.93,700.1,20.0,88902154.0,1779003,176439461,"rap, trap, Hip-Hop, hip hop, atlanta"
Guns N' Roses,40,15,12,35,37.5,273.0,active_tour,40,100.0,,4,31,11.43,0.129,22.5,Derby,3,6.0,34.0,15.0,0.176,4.0,31.0,11.43,6.8,16.0,39.48,56.0,818.0,20.0,131146245.0,5142461,201524320,"hard rock, rock, classic rock, 80s, metal"
Gwen Stefani,2,2,2,2,100.0,141.0,active_tour,2,100.0,,0,2,0.0,0.0,0.0,Ocean City,1,1.0,1.0,50.0,1.0,1.0,1.0,50.0,70.0,14.34,41.6,61.13,972.1,20.0,71478626.0,4408955,87886325,"pop, female vocalists, dance, rock, alternative"
Halsey,6,4,4,4,66.67,135.0,active_tour,6,100.0,,2,2,50.0,1.0,66.67,Werchter,2,0.0,6.0,0.0,0.0,0.0,4.0,0.0,20.0,13.75,29.72,39.72,656.7,20.0,101433295.0,2774603,218583046,"pop, indie pop, indie, alternative, female vocalists"
Harry Styles,66,24,6,7,36.36,46155.0,active_tour,65,98.48,1.0,6,1,85.71,6.0,98.44,New York,30,22.0,44.0,33.33,0.5,2.0,5.0,28.57,4.3,13.94,27.33,38.06,610.4,20.0,294798942.0,3197410,403975946,"pop, rock, pop rock, alternative, british"
Hearts2Hearts,3,1,1,2,33.33,89.0,active_tour,3,100.0,,1,1,50.0,1.0,66.67,Los Angeles,2,0.0,3.0,0.0,0.0,0.0,2.0,0.0,2.0,31.88,65.43,83.79,1820.1,20.0,16437138.0,317554,16162545,"Korean, k-pop, Kpop, girl group, sm entertainment"
Hole,1,1,1,1,100.0,47.0,active_tour,1,100.0,,0,1,0.0,0.0,0.0,Rozelle,1,0.0,1.0,0.0,0.0,0.0,1.0,0.0,,15.8,36.85,52.67,784.0,20.0,56563743.0,2080548,71026833,"Grunge, female vocalists, alternative rock, rock, alternative"
IVE,2,2,2,2,100.0,148.0,active_tour,2,100.0,,0,2,0.0,0.0,0.0,Singapore,1,1.0,1.0,50.0,1.0,1.0,1.0,50.0,42.0,14.96,41.5,57.73,862.8,20.0,121810161.0,1025917,154815663,"k-pop, Korean, Kpop, pop, female vocalists"
J Balvin,4,2,2,3,50.0,174.0,active_tour,4,100.0,,1,2,33.33,0.5,50.0,Ciudad de México,2,0.0,4.0,0.0,0.0,0.0,3.0,0.0,3.0,19.06,37.36,45.33,778.6,20.0,40049240.0,1805392,62920070,"Reggaeton, pop, colombian, latin, Colombia"
J. Cole,67,21,13,49,31.34,141.0,active_tour,67,100.0,,17,32,34.69,0.531,52.24,London,3,8.0,59.0,11.94,0.136,5.0,44.0,10.2,2.3,17.22,35.7,47.65,759.8,20.0,146972183.0,3807253,298561920,"Hip-Hop, rap, hip hop, North Carolina, underground hip-hop"
JID,17,3,11,17,17.65,198.0,active_tour,17,100.0,,0,17,0.0,0.0,0.0,Brisbane,1,5.0,12.0,29.41,0.417,5.0,12.0,29.41,9.1,18.72,36.12,49.91,780.1,20.0,68491970.0,1370698,103504171,"rap, Hip-Hop, trap, hip hop, rnb"
Jamiroquai,1,0,1,1,0.0,299.0,active_tour,1,100.0,,0,1,0.0,0.0,0.0,Sevilla,1,0.0,1.0,0.0,0.0,0.0,1.0,0.0,,11.7,30.5,44.17,654.0,20.0,47513194.0,2853958,102915643,"funk, acid jazz, electronic, dance, pop"
Jane Remover,1,1,1,1,100.0,150.0,active_tour,1,100.0,,0,1,0.0,0.0,0.0,Queens,1,0.0,1.0,0.0,0.0,0.0,1.0,0.0,,11.08,25.4,39.18,574.9,20.0,32644634.0,500002,52098257,"digicore, hyperpop, shoegaze, indietronica, trap"
Jason Derulo,1,0,1,1,0.0,53.0,active_tour,1,100.0,,0,1,0.0,0.0,0.0,Bergen,1,0.0,1.0,0.0,0.0,0.0,1.0,0.0,,24.6,65.34,73.07,1544.7,20.0,5115014.0,3080732,59804257,
Jennie,1,1,1,1,100.0,151.0,active_tour,1,100.0,,0,1,0.0,0.0,0.0,Queens,1,0.0,1.0,0.0,0.0,0.0,1.0,0.0,,17.73,41.82,60.32,928.5,20.0,103944226.0,1459036,105643692,"k-pop, Korean, Kpop, jennie, blackpink"
Jennifer Lopez,8,4,1,1,50.0,273.0,active_tour,7,87.5,2.0,1,0,100.0,,100.0,Las Vegas,8,0.0,8.0,0.0,0.0,0.0,1.0,0.0,3.1,17.82,31.86,45.24,747.6,20.0,37878739.0,3738601,71653651,"pop, rnb, latin, female vocalists, dance"
Jhené Aiko,1,1,1,1,100.0,77.0,active_tour,1,100.0,1.0,0,1,0.0,0.0,0.0,Miami,1,0.0,1.0,0.0,0.0,0.0,1.0,0.0,,18.17,36.07,48.83,802.9,20.0,46592116.0,1366120,69159350,"rnb, soul, pop, female vocalists, r&b"
Joji,31,8,12,30,25.81,102.0,active_tour,31,100.0,,1,29,3.33,0.034,6.45,Inglewood,2,5.0,26.0,16.13,0.192,5.0,25.0,16.67,5.2,14.86,35.01,47.69,720.0,20.0,244512873.0,2956634,361580479,"Lo-Fi, rnb, Hip-Hop, alternative rnb, japanese"
Jordana,7,3,3,7,42.86,131.0,active_tour,7,100.0,,0,7,0.0,0.0,0.0,Kansas City,1,1.0,6.0,14.29,0.167,1.0,6.0,14.29,12.7,53.25,80.58,90.89,3303.2,20.0,26253387.0,1247480,27412321,"pop, indie pop, indie rock, indie, female vocalists"
Julia Wolf,4,2,2,4,50.0,162.0,active_tour,4,100.0,1.0,0,4,0.0,0.0,0.0,Dublin,1,1.0,3.0,25.0,0.333,1.0,3.0,25.0,1.7,65.05,72.69,79.45,4315.8,20.0,11571609.0,557762,12600132,"indie pop, pop, singer-songwriter, alternative, alternative pop"
KATSEYE,1,0,1,1,0.0,149.0,active_tour,1,100.0,,0,1,0.0,0.0,0.0,Queens,1,0.0,1.0,0.0,0.0,0.0,1.0,0.0,,17.86,55.55,73.28,1294.7,20.0,91713953.0,1479403,91924770,"pop, k-pop, hyperpop, electropop, american"
KAYTRANADA,10,4,6,9,40.0,107.0,active_tour,10,100.0,,1,8,11.11,0.125,20.0,Dublin,2,6.0,4.0,60.0,1.5,5.0,4.0,55.56,2.7,11.38,31.61,49.65,683.3,20.0,39670965.0,1544296,74334340,"electronic, Hip-Hop, beats, experimental, House"
Kali Uchis,3,3,1,3,100.0,183.0,active_tour,3,100.0,,0,3,0.0,0.0,0.0,Inglewood,1,0.0,3.0,0.0,0.0,0.0,3.0,0.0,35.0,14.64,40.24,58.0,845.9,20.0,167249173.0,3011779,307120156,"rnb, Neo-Soul, soul, alternative rnb, pop"
Kate Bush,4,4,1,4,100.0,280.0,active_tour,4,100.0,,0,4,0.0,0.0,0.0,Cambridge,1,0.0,4.0,0.0,0.0,0.0,4.0,0.0,12.0,26.0,44.79,56.44,1105.3,20.0,76483531.0,3411549,142325589,"female vocalists, singer-songwriter, pop, alternative, 80s"
Katy Perry,4,1,3,4,25.0,242.0,active_tour,4,100.0,,0,4,0.0,0.0,0.0,Woodstock,1,0.0,4.0,0.0,0.0,0.0,4.0,0.0,2.3,8.94,25.28,42.04,621.2,20.0,250510966.0,7048299,429941777,"pop, female vocalists, pop rock, indie, rock"
Keane,3,1,2,2,33.33,159.0,active_tour,3,100.0,,1,1,50.0,1.0,66.67,Dublin,2,2.0,1.0,66.67,2.0,1.0,1.0,50.0,1.0,33.12,50.9,60.31,1440.5,20.0,78869352.0,3997883,116470042,"britpop, indie, british, alternative, rock"
Kehlani,1,0,1,1,0.0,,active_tour,1,100.0,,0,1,0.0,0.0,0.0,Montreal,1,0.0,1.0,0.0,0.0,0.0,1.0,0.0,,10.77,36.55,50.57,743.2,20.0,39730010.0,1659399,67873239,"rnb, pop, soul, female vocalists, Hip-Hop"
Kelly Clarkson,11,6,1,2,54.55,46092.0,active_tour,11,100.0,,1,1,50.0,1.0,90.91,Las Vegas,10,0.0,11.0,0.0,0.0,0.0,2.0,0.0,15.4,18.48,37.47,52.99,850.7,20.0,72762612.0,4475094,131217035,"pop, female vocalists, pop rock, rock, Kelly Clarkson"
Ken Carson,7,1,3,6,14.29,97.0,active_tour,7,100.0,,1,5,16.67,0.2,28.57,Amsterdam,2,4.0,3.0,57.14,1.333,3.0,3.0,50.0,2.2,9.65,25.55,38.29,579.6,20.0,140000429.0,1141879,276030224,"rage, trap, cloud rap, rap, opium"
Kesha,14,5,5,10,35.71,277.0,active_tour,14,100.0,,2,8,20.0,0.25,42.86,London,3,4.0,10.0,28.57,0.4,2.0,8.0,20.0,9.5,18.41,38.09,54.76,826.2,20.0,62351389.0,3086977,114670089,
Khalid,25,7,2,25,28.0,154.0,active_tour,25,100.0,,0,25,0.0,0.0,0.0,Berkeley,1,0.0,25.0,0.0,0.0,0.0,25.0,0.0,1.7,13.5,39.09,54.13,792.3,20.0,62031840.0,2271778,94851741,"soul, pop, rnb, alternative rnb, alternative"
Kid Cudi,33,9,2,33,27.27,87.0,active_tour,33,100.0,,0,33,0.0,0.0,0.0,New York,1,0.0,33.0,0.0,0.0,0.0,33.0,0.0,1.9,12.59,32.94,51.96,763.1,20.0,109693578.0,4648881,270325355,"Hip-Hop, rap, alternative rap, hip hop, House"
Kings of Leon,14,6,6,13,42.86,140.0,active_tour,14,100.0,,1,12,7.69,0.083,14.29,Hollywood,2,2.0,12.0,14.29,0.167,2.0,11.0,15.38,12.3,21.46,44.73,53.77,947.0,20.0,152141367.0,5093310,264674186,"rock, indie, indie rock, alternative, Southern Rock"
Kodak Black,5,3,1,5,60.0,46090.0,active_tour,5,100.0,,0,5,0.0,0.0,0.0,Brooklyn,1,0.0,5.0,0.0,0.0,0.0,5.0,0.0,11.0,11.09,27.42,42.93,902.8,20.0,70974742.0,1780237,103284887,"trap, rap, Hip-Hop, hip hop, florida"
Korn,2,1,2,2,50.0,189.0,active_tour,2,100.0,,0,2,0.0,0.0,0.0,Ciudad de México,1,0.0,2.0,0.0,0.0,0.0,2.0,0.0,24.0,14.43,31.27,45.87,679.9,20.0,114972027.0,3368573,245665839,"Nu Metal, metal, alternative, rock, Nu-metal"
Labrinth,3,2,1,1,66.67,154.0,active_tour,3,100.0,,1,0,100.0,,100.0,San Francisco,3,0.0,3.0,0.0,0.0,0.0,1.0,0.0,1.0,17.57,40.2,56.75,945.2,20.0,58758777.0,2508265,73412582,"electronic, british, rnb, dance, r&b"
Lady Gaga,15,2,2,7,13.33,338.0,active_tour,15,100.0,,6,1,85.71,6.0,93.33,Montreal,3,0.0,15.0,0.0,0.0,0.0,7.0,0.0,2.6,9.42,25.48,36.88,599.6,20.0,433930615.0,7632370,1011759640,"pop, dance, electronic, female vocalists, female vocalist"
Laufey,5,1,4,4,20.0,176.0,active_tour,4,80.0,1.0,1,3,25.0,0.333,40.0,London,2,4.0,1.0,80.0,4.0,3.0,1.0,75.0,39.8,17.42,36.95,54.47,801.4,20.0,152901526.0,2268345,246922075,"jazz, Bossa Nova, pop, female vocalists, jazz pop"
Lauv,25,7,2,25,28.0,154.0,active_tour,25,100.0,,0,25,0.0,0.0,0.0,Berkeley,1,0.0,25.0,0.0,0.0,0.0,25.0,0.0,1.7,16.9,32.97,45.77,1006.2,20.0,54236605.0,1735659,76866147,"pop, indie pop, indie, american, jazz"
Led Zeppelin,1,0,1,1,0.0,267.0,active_tour,1,100.0,,0,1,0.0,0.0,0.0,Rochester,1,0.0,1.0,0.0,0.0,0.0,1.0,0.0,,11.42,24.83,36.8,572.7,20.0,123219436.0,4897283,338249344,"classic rock, hard rock, rock, 70s, Progressive rock"
Leon Thomas,39,18,9,27,46.15,271.0,active_tour,39,100.0,,9,18,33.33,0.5,53.85,Toronto,5,6.0,33.0,15.38,0.182,5.0,22.0,18.52,4.2,41.29,56.44,67.78,1961.0,20.0,17014994.0,875329,21079975,"jazz, soul, funk, spiritual jazz, free jazz"
Lil Wayne,3,2,1,1,66.67,127.0,active_tour,3,100.0,,1,0,100.0,,100.0,Napa,3,0.0,3.0,0.0,0.0,0.0,1.0,0.0,1.0,26.28,48.44,65.6,1184.5,20.0,10296582.0,3529811,164668622,
Lil Yachty,1,1,1,1,100.0,161.0,active_tour,1,100.0,,0,1,0.0,0.0,0.0,Eau Claire,1,0.0,1.0,0.0,0.0,0.0,1.0,0.0,,16.43,33.83,45.66,722.6,20.0,79188771.0,1783282,129785469,"trap, rap, Hip-Hop, hip hop, Psychedelic Rock"
Lily Allen,42,17,7,25,40.48,179.0,active_tour,42,100.0,1.0,11,14,44.0,0.786,66.67,London,6,9.0,33.0,21.43,0.273,3.0,22.0,12.0,5.6,17.17,36.36,53.52,783.5,20.0,82957132.0,3731003,129239405,"pop, female vocalists, british, britpop, singer-songwriter"
Limp Bizkit,10,4,5,8,40.0,236.0,active_tour,10,100.0,,2,6,25.0,0.333,40.0,Derby,2,1.0,9.0,10.0,0.111,1.0,7.0,12.5,13.4,19.44,40.42,56.97,902.6,20.0,115152633.0,4078832,175083167,"Nu Metal, rapcore, alternative, rock, metal"
Linkin Park,14,2,8,9,14.29,46096.0,active_tour,14,100.0,,4,5,44.44,0.8,64.29,Derby,3,2.0,12.0,14.29,0.167,2.0,7.0,22.22,8.0,10.81,28.62,41.78,610.5,20.0,356599852.0,6856669,726615747,"Nu Metal, rock, alternative rock, alternative, metal"
Lisa,4,2,1,4,50.0,124.0,active_tour,4,100.0,,0,4,0.0,0.0,0.0,Rosemont,1,0.0,4.0,0.0,0.0,0.0,4.0,0.0,20.3,20.06,41.77,66.48,1044.2,20.0,104041100.0,1919588,125766134,"j-pop, japanese, female vocalists, pop, Hip-Hop"
Lit,9,1,2,9,11.11,216.0,active_tour,9,100.0,,0,9,0.0,0.0,0.0,Sacramento,1,0.0,9.0,0.0,0.0,0.0,9.0,0.0,24.4,74.62,83.65,87.45,5635.3,20.0,11695968.0,1284456,12930803,"alternative rock, pop punk, rock, alternative, punk"
Lola Young,5,1,2,5,20.0,88.0,active_tour,5,100.0,,0,5,0.0,0.0,0.0,Los Angeles,1,1.0,4.0,20.0,0.25,1.0,4.0,20.0,23.5,42.13,63.24,72.07,2106.0,20.0,23001859.0,1152073,25873763,"pop, rnb, indie pop, soul, my top songs"
Lord Huron,20,8,2,19,40.0,46140.0,active_tour,20,100.0,,1,18,5.26,0.056,10.0,Bonner,2,1.0,19.0,5.0,0.053,1.0,18.0,5.26,4.2,54.83,68.22,76.03,3169.8,20.0,55506685.0,2271718,71637214,"folk, psychedelic, indie, indie pop, indie folk"
Lorde,20,7,8,15,35.0,231.0,active_tour,20,100.0,,4,11,26.67,0.364,45.0,Napa,3,2.0,18.0,10.0,0.111,2.0,13.0,13.33,6.6,7.34,26.02,37.9,601.3,20.0,290359953.0,3672072,436545887,"pop, indie pop, electronic, indie, New Zealand"
Lucki,2,1,1,1,50.0,188.0,active_tour,2,100.0,,1,0,100.0,,100.0,Toronto,2,0.0,2.0,0.0,0.0,0.0,1.0,0.0,1.0,39.55,82.57,91.62,2574.0,20.0,2554947.0,1135578,283254620,
Lykke Li,5,3,5,5,60.0,302.0,active_tour,5,100.0,,0,5,0.0,0.0,0.0,Helsinki,1,2.0,3.0,40.0,0.667,2.0,3.0,40.0,25.2,12.87,35.58,50.23,720.9,20.0,59989348.0,3106961,96800791,"indie pop, female vocalists, swedish, electronic, pop"
Mac DeMarco,27,7,6,24,25.93,307.0,active_tour,27,100.0,,2,22,8.33,0.091,18.52,London,3,5.0,22.0,18.52,0.227,3.0,21.0,12.5,6.2,11.87,35.2,52.02,744.5,20.0,226270524.0,3198917,337956905,"Lo-Fi, indie, post-punk, experimental, indie rock"
Mac Miller,1,0,1,1,0.0,85.0,active_tour,1,100.0,,0,1,0.0,0.0,0.0,Atlanta,1,0.0,1.0,0.0,0.0,0.0,1.0,0.0,,11.56,26.88,37.32,593.6,20.0,182376464.0,3466486,422425806,"Hip-Hop, rap, underground hip-hop, hip hop, pittsburgh"
Madison Beer,31,9,9,31,29.03,110.0,active_tour,31,100.0,,0,31,0.0,0.0,0.0,Manchester,1,5.0,26.0,16.13,0.192,5.0,26.0,16.13,2.1,16.27,33.78,47.09,727.3,20.0,66764195.0,1638084,105326464,"pop, female vocalists, rnb, indie, my top songs"
Madonna,1,0,1,1,0.0,203.0,active_tour,1,100.0,,0,1,0.0,0.0,0.0,San Leandro,1,0.0,1.0,0.0,0.0,0.0,1.0,0.0,,13.44,30.63,42.86,651.4,20.0,116794323.0,5520985,355367626,"pop, dance, female vocalists, 80s, electronic"
Magdalena Bay,2,0,1,2,0.0,88.0,active_tour,2,100.0,,0,2,0.0,0.0,0.0,Bloomington,1,0.0,2.0,0.0,0.0,0.0,2.0,0.0,1.0,10.5,30.91,40.96,623.9,20.0,75778205.0,1410653,110048601,"synthpop, electropop, indie pop, dream pop, pop"
Major Lazer,8,1,4,6,12.5,2307.0,active_tour,8,100.0,,1,5,16.67,0.2,37.5,Yesodot,3,0.0,8.0,0.0,0.0,0.0,6.0,0.0,94.0,24.65,46.98,60.14,1106.6,20.0,38624374.0,2931057,68415415,"electronic, dancehall, reggae, dub, electro"
Malcolm Todd,4,2,1,2,50.0,27.0,active_tour,4,100.0,,1,1,50.0,1.0,75.0,San Francisco,3,0.0,4.0,0.0,0.0,0.0,2.0,0.0,46.0,14.5,40.56,57.74,840.1,20.0,55407792.0,1128902,73140615,"alternative rnb, indie, USA, indie rock, los angeles"
Marina,6,1,1,6,16.67,207.0,active_tour,6,100.0,,0,6,0.0,0.0,0.0,London,1,1.0,5.0,16.67,0.2,1.0,5.0,16.67,1.4,14.72,36.06,51.3,744.2,20.0,102748141.0,2213425,177329693,"pop, female vocalists, indie pop, post-hardcore, polish"
Maroon 5,4,1,3,4,25.0,234.0,active_tour,4,100.0,,0,4,0.0,0.0,0.0,London,1,1.0,3.0,25.0,0.333,1.0,3.0,25.0,3.7,11.83,28.05,43.86,648.6,20.0,167182216.0,6564586,281970159,"pop rock, rock, pop, alternative, alternative rock"
Marshmello,5,4,2,4,80.0,46099.0,active_tour,5,100.0,,1,3,25.0,0.333,40.0,Las Vegas,2,0.0,5.0,0.0,0.0,0.0,4.0,0.0,31.5,13.88,34.37,52.55,776.2,20.0,51968613.0,2534472,67374129,"electronic, dance, EDM, trap, pop"
Marvin Gaye,1,1,1,1,100.0,136.0,active_tour,1,100.0,,0,1,0.0,0.0,0.0,San Leandro,1,0.0,1.0,0.0,0.0,0.0,1.0,0.0,,20.12,40.97,56.04,922.6,20.0,56437387.0,3711394,88715282,"soul, funk, motown, rhythm and blues, rnb"
Massive Attack,3,0,3,3,0.0,88.0,active_tour,3,100.0,,0,3,0.0,0.0,0.0,København S,1,1.0,2.0,33.33,0.5,1.0,2.0,33.33,6.0,18.05,38.96,50.3,844.0,20.0,101306256.0,3825546,185985377,"trip-hop, electronic, chillout, downtempo, electronica"
Matt Maltese,3,0,3,3,0.0,381.0,active_tour,3,100.0,,0,3,0.0,0.0,0.0,Auckland,1,1.0,2.0,33.33,0.5,1.0,2.0,33.33,82.5,24.49,55.64,70.35,1292.8,20.0,52279934.0,1712156,67167177,"indie pop, pop, singer-songwriter, indie, british"
Melanie Martinez,1,0,1,1,0.0,,active_tour,1,100.0,,0,1,0.0,0.0,0.0,Toronto,1,0.0,1.0,0.0,0.0,0.0,1.0,0.0,,7.81,19.91,32.38,530.1,20.0,128023424.0,2262252,238982224,"pop, indie, indie pop, female vocalists, alternative"
Men I Trust,7,1,7,7,14.29,170.0,active_tour,7,100.0,,0,7,0.0,0.0,0.0,Johanneshov,1,3.0,4.0,42.86,0.75,3.0,4.0,42.86,36.8,32.7,48.79,61.08,1390.1,20.0,81931117.0,2134749,123553821,"dream pop, indie pop, indie, Sophisti-Pop, downtempo"
Metric,20,4,2,18,20.0,121.0,active_tour,20,100.0,,2,16,11.11,0.125,20.0,San Francisco,2,0.0,20.0,0.0,0.0,0.0,18.0,0.0,3.2,15.25,36.37,49.95,737.6,20.0,59822830.0,2809277,110623159,"indie, indie rock, female vocalists, Canadian, alternative"
Metro Boomin,1,0,1,1,0.0,124.0,active_tour,1,100.0,,0,1,0.0,0.0,0.0,Atlanta,1,0.0,1.0,0.0,0.0,0.0,1.0,0.0,,9.19,30.69,43.96,641.7,20.0,192296502.0,2441400,239901919,"trap, rap, Hip-Hop, hip hop, Southern Hip Hop"
Miguel,28,6,8,28,21.43,128.0,active_tour,27,96.43,1.0,0,28,0.0,0.0,0.0,Munich,1,3.0,25.0,10.71,0.12,3.0,25.0,10.71,159.9,25.79,54.31,71.61,1367.5,20.0,61431258.0,2647242,76967621,"rnb, soul, r&b, Hip-Hop, hip hop"
Mitski,12,4,5,6,33.33,46085.0,active_tour,11,91.67,2.0,2,4,33.33,0.5,66.67,Los Angeles,5,1.0,11.0,8.33,0.091,1.0,5.0,16.67,6.9,13.81,32.53,45.89,668.2,20.0,356846709.0,3201407,643218175,"indie rock, indie, indie pop, singer-songwriter, dream pop"
Mother Mother,4,1,2,4,25.0,190.0,active_tour,4,100.0,,0,4,0.0,0.0,0.0,Spokane,1,0.0,4.0,0.0,0.0,0.0,4.0,0.0,30.3,14.56,36.4,53.52,838.1,20.0,70975905.0,1902369,102754293,"indie, Canadian, indie pop, experimental, folk"
Mumford & Sons,44,16,9,39,36.36,169.0,active_tour,44,100.0,,4,35,10.26,0.114,20.45,New York,3,3.0,41.0,6.82,0.073,3.0,36.0,7.69,3.7,15.68,36.74,48.94,736.1,20.0,96592770.0,2667238,136918270,"folk, indie, british, acoustic, bluegrass"
Muse,1,0,1,1,0.0,222.0,active_tour,1,100.0,,0,1,0.0,0.0,0.0,Milwaukee,1,0.0,1.0,0.0,0.0,0.0,1.0,0.0,,13.4,31.07,45.27,654.0,20.0,259627553.0,6326491,564793915,"alternative rock, rock, Progressive rock, alternative, indie"
My Chemical Romance,25,10,4,19,40.0,46149.0,active_tour,25,100.0,,2,17,10.53,0.118,32.0,Hollywood,5,5.0,20.0,20.0,0.25,3.0,16.0,15.79,7.7,8.89,25.55,39.35,568.5,20.0,299349660.0,4784939,532508768,"rock, alternative, punk rock, emo, punk"
NMIXX,10,2,6,10,20.0,94.0,active_tour,10,100.0,,0,10,0.0,0.0,0.0,London,1,3.0,7.0,30.0,0.429,3.0,7.0,30.0,2.6,12.43,33.03,47.3,684.3,20.0,65357464.0,722228,82438333,"k-pop, pop, Korean, Kpop, nmixx"
Natasha Bedingfield,4,0,3,4,0.0,279.0,active_tour,4,100.0,,0,4,0.0,0.0,0.0,Co Wicklow,1,1.0,3.0,25.0,0.333,1.0,3.0,25.0,8.7,45.12,76.53,83.92,2701.4,20.0,35439961.0,2959071,42856083,"pop, female vocalists, british, singer-songwriter, female"
Ne-Yo,66,24,15,57,36.36,79.0,active_tour,66,100.0,,5,52,8.77,0.096,21.21,London,4,14.0,52.0,21.21,0.269,8.0,49.0,14.04,1.9,,,,,,,3316511,63158035,"rnb, soul, Hip-Hop, pop, Ne-Yo"
Neil Young,6,1,3,6,16.67,202.0,active_tour,6,100.0,,0,6,0.0,0.0,0.0,Woodstock,1,0.0,6.0,0.0,0.0,0.0,6.0,0.0,3.8,16.64,44.9,54.81,886.7,20.0,42725289.0,2696140,110695225,"classic rock, singer-songwriter, folk, rock, folk rock"
Nickelback,4,4,1,4,100.0,213.0,active_tour,4,100.0,,0,4,0.0,0.0,0.0,London,1,1.0,3.0,25.0,0.333,1.0,3.0,25.0,53.7,17.76,34.54,46.99,760.8,20.0,89928693.0,4322864,150218929,"rock, alternative rock, hard rock, alternative, Canadian"
Nine Inch Nails,7,2,1,7,28.57,46085.0,active_tour,6,85.71,2.0,0,7,0.0,0.0,0.0,Salt Lake City,1,0.0,7.0,0.0,0.0,0.0,7.0,0.0,1.7,16.37,32.91,45.08,689.2,20.0,98768997.0,3570426,314829395,"industrial, industrial rock, electronic, alternative, rock"
Nirvana,1,0,1,1,0.0,,tour_completed,0,0.0,1.0,0,1,0.0,0.0,0.0,Las Vegas,1,0.0,1.0,0.0,0.0,0.0,1.0,0.0,,11.97,30.83,44.65,654.3,20.0,342034244.0,7457169,571999238,"Grunge, rock, alternative rock, alternative, 90s"
No Doubt,18,7,1,1,38.89,200.0,active_tour,18,100.0,,1,0,100.0,,100.0,Las Vegas,18,0.0,18.0,0.0,0.0,0.0,1.0,0.0,2.2,24.71,50.33,64.68,1176.7,20.0,60624784.0,3558092,83431544,"rock, ska, pop, alternative, female vocalists"
Noah Kahan,31,11,2,23,35.48,46181.0,active_tour,31,100.0,,6,17,26.09,0.353,45.16,Boston,4,0.0,31.0,0.0,0.0,0.0,23.0,0.0,2.7,17.31,30.61,41.59,687.7,20.0,107788735.0,1537923,167058915,"indie, folk, singer-songwriter, acoustic, Vermont"
Oasis,8,6,1,7,75.0,238.0,active_tour,8,100.0,,1,6,14.29,0.167,25.0,Linlithgow,2,1.0,7.0,12.5,0.143,1.0,6.0,14.29,30.0,17.44,35.85,49.4,769.4,20.0,142896000.0,5817393,323063577,"britpop, rock, british, alternative, indie"
Olivia Dean,39,15,8,22,38.46,235.0,active_tour,39,100.0,,11,11,50.0,1.0,71.79,London,6,10.0,29.0,25.64,0.345,3.0,19.0,13.64,4.7,14.71,38.0,52.15,773.6,20.0,54492614.0,1335764,65672603,"soul, rnb, pop, indie, female vocalists"
OneRepublic,7,5,5,7,71.43,219.0,active_tour,7,100.0,,0,7,0.0,0.0,0.0,London,1,3.0,4.0,42.86,0.75,3.0,4.0,42.86,4.8,21.9,38.64,55.27,925.4,20.0,89944356.0,4277682,134022465,"pop rock, rock, alternative, alternative rock, indie"
OsamaSon,2,1,2,2,50.0,120.0,active_tour,2,100.0,,0,2,0.0,0.0,0.0,Toronto,1,0.0,2.0,0.0,0.0,0.0,2.0,0.0,110.0,6.66,25.87,37.51,573.0,20.0,47937210.0,427129,109020796,"trap, plugg, dark plugg, rage, rap"
P!nk,3,1,2,2,33.33,184.0,active_tour,3,100.0,,1,1,50.0,1.0,66.67,Ciudad de México,2,0.0,3.0,0.0,0.0,0.0,2.0,0.0,9.5,12.28,31.85,44.63,662.1,20.0,66257682.0,3731132,122141424,"pop, pop rock, female vocalists, rock, female"
PEDRO SAMPAIO,4,1,3,4,25.0,83.0,active_tour,4,100.0,,0,4,0.0,0.0,0.0,Miami Beach,1,2.0,2.0,50.0,1.0,2.0,2.0,50.0,14.3,10.91,28.92,45.78,681.3,20.0,24823644.0,550013,29298466,"brazilian, funk, brazil, melody, pop"
Panchiko,30,8,3,25,26.67,46125.0,active_tour,30,100.0,,3,22,12.0,0.136,26.67,Anaheim,4,1.0,29.0,3.33,0.034,1.0,24.0,4.0,6.8,19.24,45.84,59.24,972.2,20.0,69064458.0,1122829,78975114,"indie rock, shoegaze, Lo-Fi, dream pop, indie"
Pantera,6,3,5,5,50.0,359.0,active_tour,6,100.0,,1,4,20.0,0.25,33.33,London,2,3.0,3.0,50.0,1.0,2.0,3.0,40.0,23.2,12.91,34.09,46.72,697.9,20.0,76755998.0,2591476,131186274,"thrash metal, groove metal, heavy metal, metal, Power metal"
Pearl Jam,1,1,1,1,100.0,203.0,active_tour,1,100.0,,0,1,0.0,0.0,0.0,Chicago,1,0.0,1.0,0.0,0.0,0.0,1.0,0.0,,15.8,41.77,55.97,841.0,20.0,111476624.0,4319791,250731278,"Grunge, rock, alternative rock, 90s, alternative"
Phantogram,17,6,8,15,35.29,288.0,active_tour,17,100.0,,2,13,13.33,0.154,23.53,Munich,2,3.0,14.0,17.65,0.214,3.0,12.0,20.0,11.9,19.25,47.57,66.17,1121.8,20.0,35343946.0,1912973,47356064,"trip-hop, electronic, indie, experimental, new york"
Pierce the Veil,14,3,2,13,21.43,250.0,active_tour,14,100.0,,1,12,7.69,0.083,14.29,Honolulu,2,0.0,14.0,0.0,0.0,0.0,13.0,0.0,13.7,13.27,29.39,43.7,628.9,20.0,154663822.0,2041985,258363509,"post-hardcore, emocore, experimental, emo, post hardcore"
Pink Floyd,1,0,1,1,0.0,259.0,active_tour,1,100.0,,0,1,0.0,0.0,0.0,Ciudad de México,1,0.0,1.0,0.0,0.0,0.0,1.0,0.0,,11.96,27.8,43.12,622.3,20.0,213889431.0,5495214,601824371,"Progressive rock, Psychedelic Rock, classic rock, rock, psychedelic"
PinkPantheress,24,6,7,19,25.0,239.0,active_tour,24,100.0,,5,14,26.32,0.357,41.67,London,2,5.0,19.0,20.83,0.263,4.0,15.0,21.05,5.9,16.33,33.97,47.21,727.4,20.0,213871979.0,2922490,302010843,"electronic, pop, 2-step, rnb, dance-pop"
Pitbull,61,22,14,60,36.07,247.0,active_tour,61,100.0,,1,59,1.67,0.017,3.28,Praha 9,2,9.0,52.0,14.75,0.173,9.0,51.0,15.0,3.4,11.16,34.55,49.1,781.0,20.0,73421860.0,4341486,105486701,"Hip-Hop, rap, Reggaeton, hip hop, Crunk"
Pixies,14,5,3,10,35.71,235.0,active_tour,14,100.0,,4,6,40.0,0.667,57.14,Werchter,2,3.0,11.0,21.43,0.273,2.0,8.0,20.0,3.5,13.88,32.45,48.64,707.4,20.0,128006443.0,4235805,213475512,"alternative rock, alternative, indie, indie rock, rock"
Playboi Carti,27,11,8,11,40.74,239.0,active_tour,27,100.0,,9,2,81.82,4.5,92.59,London,5,15.0,12.0,55.56,1.25,5.0,6.0,45.45,4.4,8.53,24.14,39.12,561.8,20.0,290525007.0,2438179,765040341,"trap, cloud rap, Hip-Hop, rap, rage"
Post Malone,25,7,2,22,28.0,46119.0,active_tour,25,100.0,,2,20,9.09,0.1,20.0,Fort Lauderdale,3,0.0,25.0,0.0,0.0,0.0,22.0,0.0,5.9,13.32,31.19,43.17,641.4,20.0,192312877.0,3483537,326543547,"Hip-Hop, rap, trap, cloud rap, pop"
Prince,30,14,2,28,46.67,46110.0,active_tour,30,100.0,,2,26,7.14,0.077,13.33,Dallas,2,0.0,30.0,0.0,0.0,0.0,28.0,0.0,2.1,18.02,43.54,56.97,905.0,20.0,41633136.0,3263324,101039453,"funk, pop, soul, rock, 80s"
Queen,5,3,1,5,60.0,46085.0,active_tour,5,100.0,1.0,0,5,0.0,0.0,0.0,Atlantic City,1,1.0,4.0,20.0,0.25,1.0,4.0,20.0,12.2,9.44,24.72,36.06,562.2,20.0,170852429.0,7160666,420132600,"classic rock, rock, hard rock, glam rock, 80s"
Queens of the Stone Age,25,8,6,23,32.0,46133.0,active_tour,25,100.0,,2,21,8.7,0.095,16.0,London,2,6.0,19.0,24.0,0.316,4.0,19.0,17.39,6.8,16.85,38.9,50.77,792.9,20.0,108991964.0,3709970,252435117,"Stoner Rock, alternative rock, rock, hard rock, alternative"
R.E.M.,6,4,2,6,66.67,231.0,active_tour,6,100.0,1.0,0,6,0.0,0.0,0.0,Portlaoise,1,0.0,6.0,0.0,0.0,0.0,6.0,0.0,43.4,30.19,46.04,59.41,1252.9,20.0,70638234.0,4333332,154654403,"rock, alternative rock, alternative, indie, pop"
RAYE,53,20,3,34,37.74,186.0,active_tour,53,100.0,,12,22,35.29,0.545,58.49,Inglewood,4,2.0,51.0,3.77,0.039,1.0,33.0,2.94,3.8,28.15,54.13,69.55,1410.4,20.0,46942224.0,1797157,55543998,"pop, rnb, british, female vocalists, my top songs"
ROLE MODEL,3,2,2,3,66.67,192.0,active_tour,3,100.0,,0,3,0.0,0.0,0.0,Manchester,1,0.0,3.0,0.0,0.0,0.0,3.0,0.0,38.5,13.09,30.83,43.7,653.7,20.0,37551666.0,1022930,51858983,"8-bit, chiptune, electronic, 8bit, pop"
ROSALÍA,37,11,9,21,29.73,100.0,active_tour,37,100.0,,9,12,42.86,0.75,67.57,Ciudad de México,5,9.0,28.0,24.32,0.321,4.0,17.0,19.05,4.4,8.42,27.57,37.94,590.2,20.0,102725270.0,1821645,194964491,"pop, Flamenco, spanish, Flamenco Nuevo, spain"
Radiohead,14,9,1,14,64.29,385.0,active_tour,14,100.0,,0,14,0.0,0.0,0.0,Liverpool,1,1.0,13.0,7.14,0.077,1.0,13.0,7.14,19.4,9.83,25.88,37.15,581.9,20.0,594306797.0,8149620,1346223611,"rock, alternative, alternative rock, indie, electronic"
Rae Sremmurd,1,0,1,1,0.0,206.0,active_tour,1,100.0,,0,1,0.0,0.0,0.0,Tampere,1,0.0,1.0,0.0,0.0,0.0,1.0,0.0,,17.82,50.81,70.41,1133.9,20.0,37995576.0,1871366,45311412,"Hip-Hop, rap, hip hop, trap, urban"
Rage Against the Machine,1,1,1,1,100.0,49.0,active_tour,1,100.0,,0,1,0.0,0.0,0.0,North Myrtle Beach,1,0.0,1.0,0.0,0.0,0.0,1.0,0.0,,17.94,35.48,47.35,767.0,20.0,109430858.0,4219440,161518805,"alternative rock, rock, alternative, political, rapcore"
Ravyn Lenae,4,2,3,4,50.0,92.0,active_tour,4,100.0,,0,4,0.0,0.0,0.0,Austin,1,0.0,4.0,0.0,0.0,0.0,4.0,0.0,53.7,45.46,61.24,71.35,2321.9,20.0,36480622.0,1640640,43017207,"rnb, soul, Neo-Soul, alternative rnb, electronic"
Reneé Rapp,10,4,5,8,40.0,222.0,active_tour,10,100.0,,2,6,25.0,0.333,40.0,Werchter,2,5.0,5.0,50.0,1.0,4.0,4.0,50.0,12.9,10.47,28.12,42.9,629.7,20.0,56673667.0,982162,79507452,"my top songs, pop, american, USA, rnb"
Rosé,1,1,1,1,100.0,100.0,active_tour,1,100.0,,0,1,0.0,0.0,0.0,Berlin,1,1.0,0.0,100.0,,1.0,0.0,100.0,,26.4,55.84,72.44,1358.9,20.0,102035332.0,1644666,102733900,"Rosé, pop, k-pop, Korean, rose"
Sam Smith,6,2,1,1,33.33,149.0,active_tour,5,83.33,2.0,1,0,100.0,,100.0,San Francisco,6,0.0,6.0,0.0,0.0,0.0,1.0,0.0,1.6,14.63,40.95,58.33,870.6,20.0,80577083.0,3049190,111853937,"soul, pop, british, electronic, dance"
Sean Paul,6,1,5,6,16.67,202.0,active_tour,6,100.0,,0,6,0.0,0.0,0.0,Wabern bei Bern,1,2.0,4.0,33.33,0.5,2.0,4.0,33.33,23.0,22.22,53.41,66.62,1195.7,20.0,34625230.0,3140189,48438356,"dancehall, reggae, Hip-Hop, rnb, rap"
Seventeen,1,1,1,1,100.0,105.0,active_tour,1,100.0,1.0,0,1,0.0,0.0,0.0,Singapore,1,1.0,0.0,100.0,,1.0,0.0,100.0,,8.79,24.71,36.88,582.7,20.0,94609997.0,927181,284920887,"k-pop, Kpop, pop, rock, seventeen"
Slayyyter,1,1,1,1,100.0,151.0,active_tour,1,100.0,,0,1,0.0,0.0,0.0,Queens,1,0.0,1.0,0.0,0.0,0.0,1.0,0.0,,12.16,26.05,37.18,585.8,20.0,30883820.0,783468,49188391,"pop, hyperpop, electronic, electropop, bubblegum bass"
Sleeping With Sirens,4,3,1,4,75.0,212.0,active_tour,4,100.0,,0,4,0.0,0.0,0.0,Sacramento,1,0.0,4.0,0.0,0.0,0.0,4.0,0.0,48.7,22.08,44.8,57.62,987.6,20.0,47917700.0,1165264,74015159,"post-hardcore, screamo, emocore, experimental, hardcore"
Slipknot,1,0,1,1,0.0,41.0,active_tour,1,100.0,,0,1,0.0,0.0,0.0,Fort Worth,1,0.0,1.0,0.0,0.0,0.0,1.0,0.0,,12.72,31.35,46.11,668.1,20.0,188656473.0,4168449,356582811,"Nu Metal, metal, heavy metal, Nu-metal, rock"
Slowdive,4,2,2,3,50.0,258.0,active_tour,4,100.0,,1,2,33.33,0.5,50.0,Praha 9,2,0.0,4.0,0.0,0.0,0.0,3.0,0.0,21.7,23.31,45.59,59.13,1027.4,20.0,109770794.0,2181345,144021723,"shoegaze, dream pop, ambient, indie, indie rock"
Snow Strippers,7,5,1,5,71.43,184.0,active_tour,7,100.0,,1,4,20.0,0.25,42.86,San Francisco,3,0.0,7.0,0.0,0.0,0.0,5.0,0.0,17.3,31.21,52.12,64.51,1374.4,20.0,38437802.0,852051,53842718,"witch house, electropop, Electroclash, electronic, new rave"
Steely Dan,1,1,1,1,100.0,28.0,active_tour,1,100.0,,0,1,0.0,0.0,0.0,Lakewood,1,0.0,1.0,0.0,0.0,0.0,1.0,0.0,,14.3,36.75,53.45,754.2,20.0,46822651.0,1747762,72043648,"Jazz Rock, classic rock, rock, 70s, jazz"
Stevie Wonder,4,0,1,1,0.0,159.0,active_tour,4,100.0,,1,0,100.0,,100.0,London,4,4.0,0.0,100.0,,1.0,0.0,100.0,74.7,9.63,28.5,42.6,632.2,20.0,59520276.0,3920214,110329025,"soul, funk, motown, pop, rnb"
Stone Temple Pilots,37,16,2,37,43.24,236.0,active_tour,37,100.0,,0,37,0.0,0.0,0.0,Sacramento,1,0.0,37.0,0.0,0.0,0.0,37.0,0.0,4.1,12.99,30.88,47.56,692.4,20.0,43013652.0,2470260,72195808,"Grunge, alternative rock, rock, alternative, 90s"
Stray Kids,1,1,1,1,100.0,150.0,active_tour,1,100.0,,0,1,0.0,0.0,0.0,Queens,1,0.0,1.0,0.0,0.0,0.0,1.0,0.0,,9.82,23.26,38.56,601.0,20.0,132137551.0,1324476,477369907,"k-pop, pop, Korean, Kpop, Hip-Hop"
Sublime,14,6,4,13,42.86,46110.0,active_tour,14,100.0,,1,12,7.69,0.083,14.29,Morrison,2,0.0,14.0,0.0,0.0,0.0,13.0,0.0,14.1,21.65,44.38,57.86,958.9,20.0,78976933.0,3080178,121707102,"ska, reggae, punk, alternative, rock"
Summer Walker,20,7,3,19,35.0,116.0,active_tour,20,100.0,,1,18,5.26,0.056,10.0,London,2,2.0,18.0,10.0,0.111,1.0,18.0,5.26,3.6,11.88,29.48,43.03,628.4,20.0,69736908.0,1710382,107057544,"rnb, soul, Neo-Soul, pop, trap"
Swedish House Mafia,3,2,2,2,66.67,363.0,active_tour,3,100.0,,1,1,50.0,1.0,66.67,Göteborg,2,0.0,3.0,0.0,0.0,0.0,2.0,0.0,1.0,37.02,59.33,70.0,1779.4,20.0,39039169.0,2682111,53121052,"House, electronic, dance, electro house, electro"
System of a Down,11,4,6,8,36.36,218.0,active_tour,11,100.0,,3,5,37.5,0.6,54.55,Ciudad de México,2,6.0,5.0,54.55,1.2,4.0,4.0,50.0,18.2,12.88,33.05,48.06,674.0,20.0,263868844.0,5761070,503652324,"alternative metal, metal, Nu Metal, rock, alternative"
TV Girl,5,1,2,2,20.0,122.0,active_tour,5,100.0,1.0,1,1,50.0,1.0,66.67,Belfast,2,0.0,5.0,0.0,0.0,0.0,2.0,0.0,20.2,19.77,47.15,62.05,1015.2,20.0,246035803.0,2784803,282983259,"indie pop, Lo-Fi, indie, chillwave, pop"
TWICE,21,8,6,14,38.1,148.0,active_tour,20,95.24,2.0,7,7,50.0,1.0,66.67,Amsterdam,2,7.0,14.0,33.33,0.5,4.0,10.0,28.57,4.5,10.06,25.44,36.12,579.1,20.0,186952015.0,1869503,488851948,"k-pop, Kpop, Korean, pop, girl group"
Tame Impala,39,13,10,30,33.33,198.0,active_tour,39,100.0,,9,21,30.0,0.429,46.15,Vancouver,2,5.0,34.0,12.82,0.147,5.0,25.0,16.67,4.0,17.2,34.56,52.42,791.8,20.0,270784476.0,4217192,399575749,"Psychedelic Rock, psychedelic, indie rock, australian, rock"
Tate McRae,1,0,1,1,0.0,,active_tour,1,100.0,,0,1,0.0,0.0,0.0,Montreal,1,0.0,1.0,0.0,0.0,0.0,1.0,0.0,,13.03,29.89,45.02,681.6,20.0,181347868.0,2217123,268753947,"pop, my top songs, Canadian, electropop, canada"
The All-American Rejects,12,6,3,10,50.0,46092.0,active_tour,12,100.0,,1,9,10.0,0.111,25.0,Derby,3,2.0,10.0,16.67,0.2,2.0,8.0,20.0,13.8,20.09,52.65,67.18,1134.5,20.0,63300358.0,3254844,85385676,"rock, pop punk, alternative, punk, emo"
The Beach Boys,20,9,3,19,45.0,46104.0,active_tour,20,100.0,,1,18,5.26,0.056,10.0,Niagara Falls,2,2.0,18.0,10.0,0.111,2.0,17.0,10.53,28.8,16.36,32.55,47.0,703.9,20.0,51681532.0,4092436,161836541,"classic rock, 60s, pop, Surf, rock"
The Beatles,9,3,2,9,33.33,265.0,active_tour,9,100.0,,0,9,0.0,0.0,0.0,Blackpool,1,1.0,8.0,11.11,0.125,1.0,8.0,11.11,31.4,7.75,18.92,29.93,516.0,20.0,163615942.0,6445190,1084445788,"classic rock, rock, british, 60s, pop"
The Chainsmokers,3,2,1,2,66.67,46140.0,active_tour,3,100.0,,1,1,50.0,1.0,66.67,Las Vegas,2,0.0,3.0,0.0,0.0,0.0,2.0,0.0,14.5,18.59,45.92,66.28,1040.4,20.0,61281469.0,2761881,87205460,"electronic, pop, House, electro house, dance"
The Cure,10,6,5,9,60.0,259.0,active_tour,10,100.0,,1,8,11.11,0.125,20.0,Newport,2,1.0,9.0,10.0,0.111,1.0,8.0,11.11,7.3,15.71,44.48,55.46,870.6,20.0,165822031.0,5427832,387847216,"post-punk, new wave, alternative, 80s, rock"
The Doors,4,1,1,4,25.0,163.0,active_tour,4,100.0,,0,4,0.0,0.0,0.0,Atlantic City,1,0.0,4.0,0.0,0.0,0.0,4.0,0.0,43.7,11.02,28.29,41.37,605.2,20.0,120502014.0,4700836,226961962,"classic rock, Psychedelic Rock, rock, 60s, psychedelic"
The Goo Goo Dolls,47,15,2,43,31.91,46097.0,active_tour,47,100.0,,1,42,2.33,0.024,10.64,Las Vegas,5,4.0,43.0,8.51,0.093,4.0,39.0,9.3,4.2,35.33,54.54,65.89,1597.5,20.0,23986342.0,2580946,51509967,
The Kid LAROI,38,8,9,35,21.05,68.0,active_tour,38,100.0,,3,32,8.57,0.094,15.79,Brooklyn,2,4.0,34.0,10.53,0.118,3.0,32.0,8.57,5.5,21.06,44.04,59.28,1044.7,20.0,98984074.0,2447299,158884319,"Hip-Hop, rap, emo rap, australian, trap"
The Killers,3,1,2,2,33.33,135.0,active_tour,3,100.0,,1,1,50.0,1.0,66.67,Monterrey,2,0.0,3.0,0.0,0.0,0.0,2.0,0.0,6.0,21.34,43.84,56.47,945.1,20.0,231301313.0,6874883,375777822,"indie, indie rock, rock, alternative, alternative rock"
The Living Tombstone,35,10,6,33,28.57,46126.0,active_tour,35,100.0,,2,31,6.06,0.065,11.43,Birmingham,2,4.0,31.0,11.43,0.129,3.0,30.0,9.09,6.4,21.12,46.21,63.19,1040.3,20.0,40772586.0,1290289,51174972,"electronic, brony, dubstep, mlp, rock"
The Lumineers,16,7,6,14,43.75,46100.0,active_tour,16,100.0,,2,12,14.29,0.167,25.0,Werchter,2,2.0,14.0,12.5,0.143,2.0,12.0,14.29,7.8,21.52,48.17,63.16,1078.4,20.0,70295270.0,2552448,90575392,"folk, indie, folk rock, american, rock"
The Neighbourhood,48,12,14,39,25.0,142.0,active_tour,48,100.0,,9,30,23.08,0.3,37.5,Cologne,2,6.0,42.0,12.5,0.143,5.0,34.0,12.82,5.3,18.3,39.23,52.48,827.9,20.0,265051523.0,3887320,384820783,"indie, indie rock, indie pop, rock, alternative"
The Offspring,9,5,5,9,55.56,46085.0,active_tour,9,100.0,1.0,0,9,0.0,0.0,0.0,Sölvesborg,1,1.0,8.0,11.11,0.125,1.0,8.0,11.11,26.0,15.51,35.61,55.03,818.6,20.0,111250745.0,4537431,211987018,"punk rock, punk, rock, alternative rock, alternative"
The Police,1,0,1,1,0.0,128.0,active_tour,1,100.0,,0,1,0.0,0.0,0.0,Thousand Oaks,1,0.0,1.0,0.0,0.0,0.0,1.0,0.0,,30.82,57.68,69.74,1467.4,20.0,83920780.0,4539438,109086544,"rock, new wave, classic rock, 80s, pop"
The Rolling Stones,1,1,1,1,100.0,81.0,active_tour,1,100.0,,0,1,0.0,0.0,0.0,San Leandro,1,0.0,1.0,0.0,0.0,0.0,1.0,0.0,,14.69,34.49,46.84,702.4,20.0,98244603.0,5779078,271177712,"classic rock, rock, british, 60s, blues"
The Script,15,7,2,7,46.67,244.0,active_tour,15,100.0,,5,2,71.43,2.5,86.67,Manchester,4,0.0,15.0,0.0,0.0,0.0,7.0,0.0,3.6,20.58,49.54,63.48,1125.8,20.0,57770079.0,2948373,74858270,"pop rock, rock, irish, pop, acoustic"
The Smiths,3,2,1,3,66.67,302.0,active_tour,3,100.0,,0,3,0.0,0.0,0.0,London,1,1.0,2.0,33.33,0.5,1.0,2.0,33.33,101.5,11.96,31.7,48.79,698.4,20.0,246502238.0,4998810,526469583,"post-punk, indie, new wave, 80s, alternative"
The Strokes,7,3,1,4,42.86,123.0,active_tour,7,100.0,,1,3,25.0,0.333,57.14,San Francisco,4,0.0,7.0,0.0,0.0,0.0,4.0,0.0,27.5,10.12,27.06,43.81,619.7,20.0,267678522.0,5651179,472079320,"indie rock, indie, rock, alternative, alternative rock"
The Weeknd,34,13,9,12,38.24,221.0,active_tour,34,100.0,,11,1,91.67,11.0,96.88,London,5,18.0,16.0,52.94,1.125,6.0,6.0,50.0,4.1,9.0,23.23,35.45,588.0,20.0,420173874.0,5233527,1095012174,"rnb, electronic, dubstep, Canadian, prog-rnb"
Thee Sacred Souls,27,9,3,26,33.33,105.0,active_tour,27,100.0,,1,25,3.85,0.04,7.41,Los Angeles,2,2.0,25.0,7.41,0.08,2.0,24.0,7.69,6.0,23.49,51.12,68.31,1182.4,20.0,26955285.0,1162267,28152730,"soul, funk, rnb, United States, USA"
Three Days Grace,47,16,3,46,34.04,46086.0,active_tour,46,97.87,1.0,1,45,2.17,0.022,4.26,St. John's,2,4.0,43.0,8.51,0.093,4.0,42.0,8.7,5.7,18.68,42.65,54.22,897.5,20.0,118279512.0,3836042,182135591,"alternative rock, rock, hard rock, alternative, metal"
Thundercat,9,2,4,7,22.22,171.0,active_tour,9,100.0,,2,5,28.57,0.4,44.44,Bristol,2,3.0,6.0,33.33,0.5,2.0,5.0,28.57,7.6,21.45,49.44,61.69,1101.8,20.0,55239652.0,2002717,75151334,"funk, electronic, jazz, soul, psychedelic"
Tool,3,3,1,3,100.0,243.0,active_tour,3,100.0,,0,3,0.0,0.0,0.0,Sacramento,1,0.0,3.0,0.0,0.0,0.0,3.0,0.0,70.0,8.91,23.32,36.22,564.2,20.0,119623596.0,2591971,226667157,"Progressive metal, Progressive rock, alternative, metal, rock"
Toto,38,13,2,38,34.21,119.0,active_tour,37,97.37,2.0,0,38,0.0,0.0,0.0,Durant,1,0.0,38.0,0.0,0.0,0.0,38.0,0.0,4.8,42.92,78.56,86.54,2666.2,20.0,43375309.0,3049325,54915267,"rock, classic rock, 80s, Progressive rock, pop"
Twenty One Pilots,7,5,5,6,71.43,209.0,active_tour,7,100.0,,1,5,16.67,0.2,28.57,Werchter,2,1.0,6.0,14.29,0.167,1.0,5.0,16.67,16.5,13.35,31.1,43.62,642.3,20.0,158435721.0,3291476,419608422,"electronic, alternative, rap, indie pop, indie"
Two Door Cinema Club,10,4,5,9,40.0,254.0,active_tour,10,100.0,,1,8,11.11,0.125,20.0,Newport,2,2.0,8.0,20.0,0.25,2.0,7.0,22.22,11.8,25.44,52.17,64.5,1198.1,20.0,103138541.0,3113351,128187129,"indie, electronic, british, alternative, synth indie rock"
Ty Dolla $ign,1,0,1,1,0.0,46158.0,active_tour,1,100.0,,0,1,0.0,0.0,0.0,Morrison,1,0.0,1.0,0.0,0.0,0.0,1.0,0.0,,31.79,53.66,65.17,1425.4,20.0,19477588.0,1643314,29276948,"Hip-Hop, rap, rnb, hip hop, cloud rnb"
"Tyler, The Creator",6,1,3,4,16.67,185.0,active_tour,6,100.0,,2,2,50.0,1.0,66.67,London,2,2.0,4.0,33.33,0.5,1.0,3.0,25.0,31.6,12.87,28.98,41.84,622.2,20.0,431698900.0,4255100,1027180546,"Hip-Hop, rap, ofwgkta, underground hip-hop, swag"
V,1,1,1,1,100.0,116.0,active_tour,1,100.0,,0,1,0.0,0.0,0.0,New York City,1,0.0,1.0,0.0,0.0,0.0,1.0,0.0,,19.97,37.49,53.29,1144.6,20.0,703334650.0,906065,719300435,"bts, pop, rnb, Melodic Death Metal, Taehyung"
Waka Flocka Flame,10,6,1,10,60.0,105.0,active_tour,10,100.0,1.0,0,10,0.0,0.0,0.0,Fort Worth,1,0.0,10.0,0.0,0.0,0.0,10.0,0.0,5.2,54.04,74.44,80.44,3198.0,20.0,14119467.0,1790840,20330129,"Hip-Hop, rap, Dirty South, trap, hip hop"
Wet Leg,21,8,5,16,38.1,196.0,active_tour,21,100.0,,4,12,25.0,0.333,42.86,San Francisco,3,2.0,19.0,9.52,0.105,2.0,14.0,12.5,5.8,23.33,44.91,57.39,1011.6,20.0,25002992.0,882417,26619072,"indie rock, post-punk, Crank wave, indie pop, indie"
Willow,5,0,1,5,0.0,843.0,active_tour,5,100.0,,0,5,0.0,0.0,0.0,Denver,1,0.0,5.0,0.0,0.0,0.0,5.0,0.0,0.0,32.21,57.58,67.87,1513.6,20.0,52895200.0,2298418,73292708,"rnb, pop, alternative, post-rock, female vocalists"
Wiz Khalifa,35,12,4,35,34.29,46124.0,active_tour,35,100.0,,0,35,0.0,0.0,0.0,Tønsberg,1,0.0,35.0,0.0,0.0,0.0,35.0,0.0,2.5,18.35,43.15,65.52,1159.4,20.0,35505440.0,3851111,87867946,"Hip-Hop, rap, hip hop, underground hip-hop, pittsburgh"
Wolf Alice,16,8,7,14,50.0,136.0,active_tour,16,100.0,,2,12,14.29,0.167,25.0,Werchter,2,2.0,14.0,12.5,0.143,1.0,13.0,7.14,16.8,14.38,31.25,44.57,670.1,20.0,36445991.0,1251269,57112935,"indie rock, indie, british, alternative rock, female vocalists"
Yeat,2,0,2,2,0.0,246.0,active_tour,2,100.0,,0,2,0.0,0.0,0.0,Tampere,1,0.0,2.0,0.0,0.0,0.0,2.0,0.0,43.0,10.3,25.0,37.36,579.9,20.0,127311284.0,1583135,359683948,"trap, rap, cloud rap, rage, plugg"
ZAYN,27,9,3,27,33.33,87.0,active_tour,27,100.0,,0,27,0.0,0.0,0.0,Glasgow,1,1.0,26.0,3.7,0.038,1.0,26.0,3.7,7.4,18.9,44.24,53.37,927.6,20.0,67424463.0,2214428,116624671,"pop, rnb, british, male vocalists, sexy"
Zach Bryan,36,21,6,27,58.33,46085.0,active_tour,36,100.0,1.0,9,18,33.33,0.5,50.0,Tulsa,2,2.0,34.0,5.56,0.059,1.0,26.0,3.7,6.2,12.77,32.62,44.07,667.5,20.0,65095975.0,1179653,130908934,"country, singer-songwriter, americana, Alt-country, country rock"
Zara Larsson,44,20,10,40,45.45,207.0,active_tour,44,100.0,1.0,4,36,10.0,0.111,18.18,Brisbane,2,3.0,41.0,6.82,0.073,3.0,37.0,7.5,5.4,22.04,46.52,59.76,1032.3,20.0,57907620.0,2185312,77760970,"pop, swedish, female vocalists, indie, Sweden"
Zedd,20,9,1,8,45.0,46091.0,active_tour,19,95.0,1.0,3,5,37.5,0.6,75.0,Las Vegas,10,0.0,20.0,0.0,0.0,0.0,8.0,0.0,9.6,22.93,44.95,58.87,1035.6,20.0,43648448.0,2556212,60584032,"electro house, electronic, House, electro, dubstep"
bbno$,36,12,7,31,33.33,46085.0,active_tour,36,100.0,1.0,4,27,12.9,0.148,25.0,Manchester,3,6.0,30.0,16.67,0.2,5.0,26.0,16.13,5.0,8.51,28.35,46.05,685.3,20.0,42800427.0,1476522,67048712,"rap, Hip-Hop, Canadian, hip hop, canada"
blink-182,2,1,2,2,50.0,148.0,active_tour,2,100.0,,0,2,0.0,0.0,0.0,Montclair,1,0.0,2.0,0.0,0.0,0.0,2.0,0.0,27.0,13.54,37.68,52.43,762.5,20.0,150352662.0,4589449,305339793,"punk rock, pop punk, punk, rock, alternative"
bôa,2,0,1,2,0.0,192.0,active_tour,2,100.0,,0,2,0.0,0.0,0.0,Poznan,1,1.0,1.0,50.0,1.0,1.0,1.0,50.0,1.0,52.17,74.54,81.56,3099.0,20.0,75645954.0,2061842,79579936,"alternative rock, alternative, rock, indie, female vocalists"
fakemink,1,1,1,1,100.0,119.0,active_tour,1,100.0,,0,1,0.0,0.0,0.0,Orlando,1,0.0,1.0,0.0,0.0,0.0,1.0,0.0,,17.44,38.93,51.04,797.0,20.0,32313786.0,436138,55311254,"cloud rap, Jerk, plugg, rap, Hip-Hop"
i-dle,10,4,3,10,40.0,143.0,active_tour,10,100.0,,0,10,0.0,0.0,0.0,Ciudad de México,1,1.0,9.0,10.0,0.111,1.0,9.0,10.0,2.3,10.76,25.05,49.66,802.3,20.0,10955467.0,475522,15909899,"k-pop, Korean, i-dle, GIDLE, cube entertainment"
sombr,17,8,8,13,47.06,232.0,active_tour,17,100.0,,2,11,15.38,0.182,35.29,Napa,3,5.0,12.0,29.41,0.417,3.0,10.0,23.08,11.1,31.04,62.34,74.87,1630.5,20.0,72610491.0,1741726,76129357,"indie, alternative, rock, singer-songwriter, indie rock"
t.A.T.u.,2,0,1,1,0.0,141.0,active_tour,2,100.0,,1,0,100.0,,100.0,México,2,0.0,2.0,0.0,0.0,0.0,1.0,0.0,1.0,44.53,60.65,67.85,2214.4,20.0,32355869.0,2200648,48563271,"pop, russian, electronic, female vocalists, dance"
