country,artist_name,rank,listeners_in_country,artist_norm
Australia,PinkPantheress,1,25123,pinkpantheress
Australia,Kanye West,2,20935,kanye west
Australia,Charli xcx,3,20501,charli xcx
Australia,Radiohead,4,20485,radiohead
Australia,Kendrick Lamar,5,20351,kendrick lamar
Australia,Tame Impala,6,20087,tame impala
Australia,Drake,7,19933,drake
Australia,The Weeknd,8,18788,the weeknd
Australia,"Tyler, The Creator",9,18697,"tyler, the creator"
Australia,Rihanna,10,18228,rihanna
Australia,Taylor Swift,11,18123,taylor swift
Australia,Frank Ocean,12,16926,frank ocean
Australia,Ariana Grande,13,16471,ariana grande
Australia,Sabrina Carpenter,14,16368,sabrina carpenter
Australia,Bruno Mars,15,16252,bruno mars
Australia,A$AP Rocky,16,15983,a$ap rocky
Australia,Lady Gaga,17,15958,lady gaga
Australia,Gorillaz,18,15416,gorillaz
Australia,Fleetwood Mac,19,15290,fleetwood mac
Australia,Billie Eilish,20,15281,billie eilish
Australia,Lana Del Rey,21,14905,lana del rey
Australia,Paramore,22,14869,paramore
Australia,Olivia Dean,23,14466,olivia dean
Australia,Chappell Roan,24,14314,chappell roan
Australia,Mitski,25,13854,mitski
Australia,Arctic Monkeys,26,13827,arctic monkeys
Australia,Harry Styles,27,13455,harry styles
Australia,sombr,28,13397,sombr
Australia,Childish Gambino,29,13326,childish gambino
Australia,SZA,30,13166,sza
Australia,Don Toliver,31,13107,don toliver
Australia,Clairo,32,13088,clairo
Australia,Doja Cat,33,12965,doja cat
Australia,Justin Bieber,34,12895,justin bieber
Australia,Lorde,35,12566,lorde
Australia,Travis Scott,36,12555,travis scott
Australia,Dominic Fike,37,12337,dominic fike
Australia,Deftones,38,11984,deftones
Australia,beabadoobee,39,11965,beabadoobee
Australia,The Smiths,40,11798,the smiths
Australia,The Marías,41,11794,the marías
Australia,Mac Miller,42,11514,mac miller
Australia,Playboi Carti,43,11439,playboi carti
Australia,Coldplay,44,11403,coldplay
Australia,Calvin Harris,45,11381,calvin harris
Australia,Tate McRae,46,11328,tate mcrae
Australia,Michael Jackson,47,11285,michael jackson
Australia,Future,48,11241,future
Australia,Olivia Rodrigo,49,11199,olivia rodrigo
Australia,Linkin Park,50,10955,linkin park
Austria,Rihanna,1,1660,rihanna
Austria,Linkin Park,2,1630,linkin park
Austria,Lady Gaga,3,1594,lady gaga
Austria,PinkPantheress,4,1544,pinkpantheress
Austria,Gorillaz,5,1531,gorillaz
Austria,The Weeknd,6,1499,the weeknd
Austria,Taylor Swift,7,1476,taylor swift
Austria,Charli xcx,8,1460,charli xcx
Austria,Kanye West,9,1447,kanye west
Austria,Radiohead,10,1408,radiohead
Austria,Tame Impala,11,1388,tame impala
Austria,Lana Del Rey,12,1375,lana del rey
Austria,Drake,13,1337,drake
Austria,A$AP Rocky,14,1324,a$ap rocky
Austria,Kendrick Lamar,15,1293,kendrick lamar
Austria,Bad Bunny,16,1250,bad bunny
Austria,Twenty One Pilots,17,1229,twenty one pilots
Austria,Billie Eilish,18,1216,billie eilish
Austria,The Neighbourhood,19,1182,the neighbourhood
Austria,Bruno Mars,20,1138,bruno mars
Austria,Mitski,21,1093,mitski
Austria,Travis Scott,22,1082,travis scott
Austria,sombr,23,1064,sombr
Austria,Ariana Grande,24,1063,ariana grande
Austria,Arctic Monkeys,25,1060,arctic monkeys
Austria,Don Toliver,26,1041,don toliver
Austria,David Guetta,27,1032,david guetta
Austria,Coldplay,28,1025,coldplay
Austria,"Tyler, The Creator",29,1023,"tyler, the creator"
Austria,Eminem,30,1007,eminem
Austria,Fleetwood Mac,31,998,fleetwood mac
Austria,Future,32,978,future
Austria,Sabrina Carpenter,33,969,sabrina carpenter
Austria,Calvin Harris,34,963,calvin harris
Austria,Michael Jackson,35,943,michael jackson
Austria,Red Hot Chili Peppers,36,925,red hot chili peppers
Austria,Zara Larsson,37,921,zara larsson
Austria,Dominic Fike,38,902,dominic fike
Austria,Katy Perry,39,898,katy perry
Austria,PASHANIM,40,896,pashanim
Austria,Harry Styles,41,889,harry styles
Austria,Frank Ocean,42,887,frank ocean
Austria,Playboi Carti,43,881,playboi carti
Austria,Queen,44,880,queen
Austria,Nirvana,45,878,nirvana
Austria,Tate McRae,46,875,tate mcrae
Austria,Doja Cat,47,864,doja cat
Austria,Britney Spears,48,841,britney spears
Austria,The Smiths,49,840,the smiths
Austria,Pitbull,50,837,pitbull
Belgium,Gorillaz,1,3369,gorillaz
Belgium,PinkPantheress,2,3306,pinkpantheress
Belgium,Tame Impala,3,3258,tame impala
Belgium,Radiohead,4,3255,radiohead
Belgium,Rihanna,5,3146,rihanna
Belgium,Taylor Swift,6,2974,taylor swift
Belgium,The Weeknd,7,2911,the weeknd
Belgium,Kanye West,8,2871,kanye west
Belgium,Kendrick Lamar,9,2831,kendrick lamar
Belgium,Bruno Mars,10,2764,bruno mars
Belgium,Lady Gaga,11,2735,lady gaga
Belgium,Charli xcx,12,2728,charli xcx
Belgium,Billie Eilish,13,2719,billie eilish
Belgium,Lana Del Rey,14,2668,lana del rey
Belgium,Fleetwood Mac,15,2638,fleetwood mac
Belgium,Drake,16,2617,drake
Belgium,Arctic Monkeys,17,2546,arctic monkeys
Belgium,Bad Bunny,18,2531,bad bunny
Belgium,Linkin Park,19,2411,linkin park
Belgium,Coldplay,20,2333,coldplay
Belgium,Ariana Grande,21,2319,ariana grande
Belgium,A$AP Rocky,22,2247,a$ap rocky
Belgium,Harry Styles,23,2203,harry styles
Belgium,Zara Larsson,24,2200,zara larsson
Belgium,sombr,25,2179,sombr
Belgium,"Tyler, The Creator",26,2175,"tyler, the creator"
Belgium,Sabrina Carpenter,27,2136,sabrina carpenter
Belgium,Mitski,28,2081,mitski
Belgium,RAYE,29,2060,raye
Belgium,Olivia Dean,30,2033,olivia dean
Belgium,Calvin Harris,31,2005,calvin harris
Belgium,Michael Jackson,32,1997,michael jackson
Belgium,Twenty One Pilots,33,1994,twenty one pilots
Belgium,David Guetta,34,1989,david guetta
Belgium,Frank Ocean,35,1945,frank ocean
Belgium,The Cure,36,1943,the cure
Belgium,Red Hot Chili Peppers,37,1868,red hot chili peppers
Belgium,Angèle,38,1816,angèle
Belgium,The Neighbourhood,39,1812,the neighbourhood
Belgium,Eminem,40,1803,eminem
Belgium,Daft Punk,41,1777,daft punk
Belgium,The Smiths,42,1760,the smiths
Belgium,The Beatles,43,1749,the beatles
Belgium,Tate McRae,44,1740,tate mcrae
Belgium,Queen,45,1733,queen
Belgium,Travis Scott,46,1728,travis scott
Belgium,Nirvana,47,1698,nirvana
Belgium,Justin Bieber,48,1688,justin bieber
Belgium,Beyoncé,49,1656,beyoncé
Belgium,Olivia Rodrigo,50,1655,olivia rodrigo
Canada,Drake,1,30541,drake
Canada,PinkPantheress,2,28857,pinkpantheress
Canada,Kanye West,3,27110,kanye west
Canada,The Weeknd,4,26894,the weeknd
Canada,Kendrick Lamar,5,26603,kendrick lamar
Canada,Radiohead,6,25289,radiohead
Canada,"Tyler, The Creator",7,24270,"tyler, the creator"
Canada,Rihanna,8,23487,rihanna
Canada,Bruno Mars,9,22494,bruno mars
Canada,Charli xcx,10,22341,charli xcx
Canada,Taylor Swift,11,21817,taylor swift
Canada,Tame Impala,12,21667,tame impala
Canada,Frank Ocean,13,21357,frank ocean
Canada,A$AP Rocky,14,20972,a$ap rocky
Canada,Ariana Grande,15,20164,ariana grande
Canada,Lady Gaga,16,20152,lady gaga
Canada,Mitski,17,19929,mitski
Canada,Don Toliver,18,19753,don toliver
Canada,Sabrina Carpenter,19,19020,sabrina carpenter
Canada,Lana Del Rey,20,18547,lana del rey
Canada,Travis Scott,21,18466,travis scott
Canada,Gorillaz,22,18461,gorillaz
Canada,Future,23,18138,future
Canada,Paramore,24,17797,paramore
Canada,Playboi Carti,25,17595,playboi carti
Canada,Arctic Monkeys,26,17572,arctic monkeys
Canada,Billie Eilish,27,17529,billie eilish
Canada,Fleetwood Mac,28,17353,fleetwood mac
Canada,SZA,29,17274,sza
Canada,Lil Uzi Vert,30,17021,lil uzi vert
Canada,The Marías,31,16981,the marías
Canada,Justin Bieber,32,16959,justin bieber
Canada,Childish Gambino,33,16843,childish gambino
Canada,Clairo,34,16311,clairo
Canada,Bad Bunny,35,16244,bad bunny
Canada,Mac Miller,36,16202,mac miller
Canada,Doja Cat,37,15828,doja cat
Canada,Deftones,38,15708,deftones
Canada,Chappell Roan,39,15364,chappell roan
Canada,beabadoobee,40,15345,beabadoobee
Canada,The Smiths,41,15184,the smiths
Canada,Baby Keem,42,15149,baby keem
Canada,The Neighbourhood,43,15123,the neighbourhood
Canada,J. Cole,44,14977,j. cole
Canada,TV Girl,45,14478,tv girl
Canada,Coldplay,46,14424,coldplay
Canada,Laufey,47,13884,laufey
Canada,Daniel Caesar,48,13810,daniel caesar
Canada,Joji,49,13794,joji
Canada,Weezer,50,13620,weezer
Czech Republic,Linkin Park,1,2268,linkin park
Czech Republic,Gorillaz,2,1881,gorillaz
Czech Republic,Radiohead,3,1790,radiohead
Czech Republic,Charli xcx,4,1704,charli xcx
Czech Republic,PinkPantheress,5,1649,pinkpantheress
Czech Republic,Lady Gaga,6,1635,lady gaga
Czech Republic,Rihanna,7,1584,rihanna
Czech Republic,Twenty One Pilots,8,1554,twenty one pilots
Czech Republic,Taylor Swift,9,1527,taylor swift
Czech Republic,Lana Del Rey,10,1525,lana del rey
Czech Republic,Tame Impala,11,1489,tame impala
Czech Republic,Kanye West,12,1450,kanye west
Czech Republic,The Weeknd,13,1374,the weeknd
Czech Republic,A$AP Rocky,14,1320,a$ap rocky
Czech Republic,Billie Eilish,15,1293,billie eilish
Czech Republic,The Neighbourhood,16,1247,the neighbourhood
Czech Republic,Arctic Monkeys,17,1196,arctic monkeys
Czech Republic,David Guetta,18,1196,david guetta
Czech Republic,Viktor Sheen,19,1195,viktor sheen
Czech Republic,Yzomandias,20,1180,yzomandias
Czech Republic,Kendrick Lamar,21,1146,kendrick lamar
Czech Republic,Eminem,22,1135,eminem
Czech Republic,Red Hot Chili Peppers,23,1129,red hot chili peppers
Czech Republic,sombr,24,1118,sombr
Czech Republic,Mitski,25,1111,mitski
Czech Republic,Nirvana,26,1088,nirvana
Czech Republic,Calin,27,1087,calin
Czech Republic,Coldplay,28,1071,coldplay
Czech Republic,Calvin Harris,29,1068,calvin harris
Czech Republic,"Tyler, The Creator",30,1059,"tyler, the creator"
Czech Republic,Deftones,31,1016,deftones
Czech Republic,Katy Perry,32,1003,katy perry
Czech Republic,Bring Me the Horizon,33,996,bring me the horizon
Czech Republic,Sabrina Carpenter,34,990,sabrina carpenter
Czech Republic,System of a Down,35,990,system of a down
Czech Republic,Pitbull,36,971,pitbull
Czech Republic,Zara Larsson,37,968,zara larsson
Czech Republic,Travis Scott,38,956,travis scott
Czech Republic,Tate McRae,39,950,tate mcrae
Czech Republic,Harry Styles,40,947,harry styles
Czech Republic,Drake,41,945,drake
Czech Republic,Green Day,42,933,green day
Czech Republic,Fleetwood Mac,43,927,fleetwood mac
Czech Republic,Ariana Grande,44,909,ariana grande
Czech Republic,Queen,45,901,queen
Czech Republic,Future,46,893,future
Czech Republic,Limp Bizkit,47,893,limp bizkit
Czech Republic,Britney Spears,48,892,britney spears
Czech Republic,Yeat,49,881,yeat
Czech Republic,The Smiths,50,867,the smiths
Denmark,Kanye West,1,3311,kanye west
Denmark,Drake,2,2983,drake
Denmark,Rihanna,3,2937,rihanna
Denmark,The Weeknd,4,2892,the weeknd
Denmark,Kendrick Lamar,5,2793,kendrick lamar
Denmark,APHACA,6,2517,aphaca
Denmark,Bruno Mars,7,2459,bruno mars
Denmark,Frank Ocean,8,2338,frank ocean
Denmark,Tame Impala,9,2297,tame impala
Denmark,PinkPantheress,10,2243,pinkpantheress
Denmark,Radiohead,11,2241,radiohead
Denmark,Gorillaz,12,2234,gorillaz
Denmark,A$AP Rocky,13,2232,a$ap rocky
Denmark,Artigeardit,14,2179,artigeardit
Denmark,Taylor Swift,15,2110,taylor swift
Denmark,Justin Bieber,16,2110,justin bieber
Denmark,Anton Westerlin,17,2059,anton westerlin
Denmark,Billie Eilish,18,1963,billie eilish
Denmark,Lady Gaga,19,1962,lady gaga
Denmark,Olivia Dean,20,1941,olivia dean
Denmark,KESI,21,1872,kesi
Denmark,J. Cole,22,1845,j. cole
Denmark,Travis Scott,23,1845,travis scott
Denmark,Lamin,24,1842,lamin
Denmark,Gilli,25,1829,gilli
Denmark,Charli xcx,26,1829,charli xcx
Denmark,"Tyler, The Creator",27,1824,"tyler, the creator"
Denmark,Benny Jamz,28,1786,benny jamz
Denmark,Michael Jackson,29,1756,michael jackson
Denmark,Bad Bunny,30,1743,bad bunny
Denmark,Ariana Grande,31,1731,ariana grande
Denmark,Lana Del Rey,32,1720,lana del rey
Denmark,Fleetwood Mac,33,1676,fleetwood mac
Denmark,Don Toliver,34,1662,don toliver
Denmark,Coldplay,35,1629,coldplay
Denmark,Future,36,1621,future
Denmark,Calvin Harris,37,1618,calvin harris
Denmark,Zara Larsson,38,1611,zara larsson
Denmark,D1MA,39,1608,d1ma
Denmark,Annika,40,1586,annika
Denmark,Maroon 5,41,1573,maroon 5
Denmark,Post Malone,42,1562,post malone
Denmark,Baby Keem,43,1535,baby keem
Denmark,Noah Carter,44,1520,noah carter
Denmark,Eminem,45,1507,eminem
Denmark,Arctic Monkeys,46,1498,arctic monkeys
Denmark,Childish Gambino,47,1491,childish gambino
Denmark,Sabrina Carpenter,48,1483,sabrina carpenter
Denmark,JAŸ-Z,49,1483,jaÿ-z
Denmark,sombr,50,1464,sombr
Estonia,PinkPantheress,1,758,pinkpantheress
Estonia,Nublu,2,750,nublu
Estonia,Charli xcx,3,686,charli xcx
Estonia,Radiohead,4,675,radiohead
Estonia,Kanye West,5,656,kanye west
Estonia,A$AP Rocky,6,642,a$ap rocky
Estonia,Lady Gaga,7,608,lady gaga
Estonia,The Weeknd,8,606,the weeknd
Estonia,Tame Impala,9,603,tame impala
Estonia,Gorillaz,10,593,gorillaz
Estonia,Kendrick Lamar,11,584,kendrick lamar
Estonia,triibupasta,12,583,triibupasta
Estonia,Linkin Park,13,559,linkin park
Estonia,Lana Del Rey,14,534,lana del rey
Estonia,Rihanna,15,534,rihanna
Estonia,Drake,16,504,drake
Estonia,"Tyler, The Creator",17,495,"tyler, the creator"
Estonia,Deftones,18,491,deftones
Estonia,Billie Eilish,19,457,billie eilish
Estonia,Taylor Swift,20,454,taylor swift
Estonia,Calvin Harris,21,449,calvin harris
Estonia,Arctic Monkeys,22,444,arctic monkeys
Estonia,Playboi Carti,23,433,playboi carti
Estonia,Mitski,24,429,mitski
Estonia,Twenty One Pilots,25,416,twenty one pilots
Estonia,The Neighbourhood,26,415,the neighbourhood
Estonia,Frank Ocean,27,403,frank ocean
Estonia,The Smiths,28,400,the smiths
Estonia,CLICHERIK & MÄX,29,400,clicherik & mäx
Estonia,5MIINUST,30,395,5miinust
Estonia,Bad Bunny,31,393,bad bunny
Estonia,David Guetta,32,386,david guetta
Estonia,sombr,33,369,sombr
Estonia,Yeat,34,368,yeat
Estonia,An-Marlen,35,366,an-marlen
Estonia,Coldplay,36,366,coldplay
Estonia,Travis Scott,37,363,travis scott
Estonia,TV Girl,38,363,tv girl
Estonia,Future,39,361,future
Estonia,Nirvana,40,360,nirvana
Estonia,Sabrina Carpenter,41,354,sabrina carpenter
Estonia,Zara Larsson,42,354,zara larsson
Estonia,Fleetwood Mac,43,353,fleetwood mac
Estonia,Ariana Grande,44,352,ariana grande
Estonia,Childish Gambino,45,352,childish gambino
Estonia,Don Toliver,46,351,don toliver
Estonia,Black Eyed Peas,47,349,black eyed peas
Estonia,Doja Cat,48,348,doja cat
Estonia,Eminem,49,345,eminem
Estonia,EsDeeKid,50,342,esdeekid
Finland,Lady Gaga,1,3509,lady gaga
Finland,PinkPantheress,2,3299,pinkpantheress
Finland,Charli xcx,3,3164,charli xcx
Finland,Linkin Park,4,3000,linkin park
Finland,Isac Elliot,5,2980,isac elliot
Finland,Radiohead,6,2855,radiohead
Finland,Turisti,7,2746,turisti
Finland,Gorillaz,8,2735,gorillaz
Finland,Rihanna,9,2710,rihanna
Finland,The Weeknd,10,2641,the weeknd
Finland,Tame Impala,11,2627,tame impala
Finland,Lana Del Rey,12,2623,lana del rey
Finland,Kanye West,13,2557,kanye west
Finland,Taylor Swift,14,2552,taylor swift
Finland,Linda Lampenius,15,2490,linda lampenius
Finland,Ares,16,2324,ares
Finland,Kendrick Lamar,17,2311,kendrick lamar
Finland,Mitski,18,2191,mitski
Finland,Billie Eilish,19,2191,billie eilish
Finland,A$AP Rocky,20,2177,a$ap rocky
Finland,Metallica,21,2125,metallica
Finland,JVG,22,2072,jvg
Finland,KUUMAA,23,2066,kuumaa
Finland,Fleetwood Mac,24,2034,fleetwood mac
Finland,Sabrina Carpenter,25,1973,sabrina carpenter
Finland,Drake,26,1894,drake
Finland,Zara Larsson,27,1884,zara larsson
Finland,David Guetta,28,1877,david guetta
Finland,Britney Spears,29,1865,britney spears
Finland,Ariana Grande,30,1859,ariana grande
Finland,Gettomasa,31,1851,gettomasa
Finland,Deftones,32,1850,deftones
Finland,ibe,33,1848,ibe
Finland,Twenty One Pilots,34,1842,twenty one pilots
Finland,Etta,35,1841,etta
Finland,Coldplay,36,1834,coldplay
Finland,Arctic Monkeys,37,1820,arctic monkeys
Finland,Eminem,38,1820,eminem
Finland,HIM,39,1818,him
Finland,Madonna,40,1810,madonna
Finland,PMMP,41,1808,pmmp
Finland,Paramore,42,1804,paramore
Finland,Haloo Helsinki!,43,1782,haloo helsinki!
Finland,The Smiths,44,1779,the smiths
Finland,Harry Styles,45,1763,harry styles
Finland,Melo,46,1762,melo
Finland,System of a Down,47,1755,system of a down
Finland,Leevi and the Leavings,48,1732,leevi and the leavings
Finland,Bruno Mars,49,1712,bruno mars
Finland,The Neighbourhood,50,1703,the neighbourhood
France,PinkPantheress,1,9306,pinkpantheress
France,The Weeknd,2,9259,the weeknd
France,Bad Bunny,3,9030,bad bunny
France,Theodora,4,8953,theodora
France,Tame Impala,5,8147,tame impala
France,Gorillaz,6,8053,gorillaz
France,Rihanna,7,7928,rihanna
France,Lady Gaga,8,7903,lady gaga
France,Charli xcx,9,7450,charli xcx
France,Kendrick Lamar,10,7376,kendrick lamar
France,Bruno Mars,11,7330,bruno mars
France,Billie Eilish,12,7295,billie eilish
France,Angèle,13,7118,angèle
France,Damso,14,7101,damso
France,Disiz,15,7081,disiz
France,Ariana Grande,16,7033,ariana grande
France,Radiohead,17,6969,radiohead
France,Taylor Swift,18,6877,taylor swift
France,Lana Del Rey,19,6806,lana del rey
France,PLK,20,6623,plk
France,Drake,21,6604,drake
France,Kanye West,22,6349,kanye west
France,Gims,23,6118,gims
France,Hamza,24,5917,hamza
France,Daft Punk,25,5908,daft punk
France,Ninho,26,5904,ninho
France,"Tyler, The Creator",27,5718,"tyler, the creator"
France,Michael Jackson,28,5696,michael jackson
France,Linkin Park,29,5691,linkin park
France,PNL,30,5572,pnl
France,Sabrina Carpenter,31,5521,sabrina carpenter
France,Booba,32,5516,booba
France,A$AP Rocky,33,5482,a$ap rocky
France,Doja Cat,34,5348,doja cat
France,Josman,35,5334,josman
France,Travis Scott,36,5233,travis scott
France,Mitski,37,5230,mitski
France,Twenty One Pilots,38,5157,twenty one pilots
France,David Guetta,39,5120,david guetta
France,Vald,40,5062,vald
France,Coldplay,41,5060,coldplay
France,Jul,42,5008,jul
France,SCH,43,4982,sch
France,Orelsan,44,4967,orelsan
France,Arctic Monkeys,45,4932,arctic monkeys
France,Don Toliver,46,4894,don toliver
France,RAYE,47,4833,raye
France,BLACKPINK,48,4830,blackpink
France,The Neighbourhood,49,4687,the neighbourhood
France,Zara Larsson,50,4664,zara larsson
Germany,Linkin Park,1,16539,linkin park
Germany,Rihanna,2,15777,rihanna
Germany,The Weeknd,3,14807,the weeknd
Germany,Lady Gaga,4,13784,lady gaga
Germany,Drake,5,13605,drake
Germany,Kanye West,6,13546,kanye west
Germany,Taylor Swift,7,13278,taylor swift
Germany,PinkPantheress,8,13162,pinkpantheress
Germany,Kendrick Lamar,9,12370,kendrick lamar
Germany,A$AP Rocky,10,12151,a$ap rocky
Germany,Gorillaz,11,11921,gorillaz
Germany,Lana Del Rey,12,11857,lana del rey
Germany,Tame Impala,13,11648,tame impala
Germany,Charli xcx,14,11590,charli xcx
Germany,Billie Eilish,15,11367,billie eilish
Germany,PASHANIM,16,11163,pashanim
Germany,David Guetta,17,11074,david guetta
Germany,Radiohead,18,10974,radiohead
Germany,Bad Bunny,19,10958,bad bunny
Germany,The Neighbourhood,20,10548,the neighbourhood
Germany,Travis Scott,21,10457,travis scott
Germany,Bruno Mars,22,10350,bruno mars
Germany,Eminem,23,10187,eminem
Germany,Twenty One Pilots,24,10121,twenty one pilots
Germany,Don Toliver,25,9980,don toliver
Germany,Future,26,9628,future
Germany,Coldplay,27,9523,coldplay
Germany,Calvin Harris,28,9352,calvin harris
Germany,Michael Jackson,29,9260,michael jackson
Germany,Ariana Grande,30,9190,ariana grande
Germany,"Tyler, The Creator",31,9016,"tyler, the creator"
Germany,Katy Perry,32,8862,katy perry
Germany,sombr,33,8850,sombr
Germany,Arctic Monkeys,34,8701,arctic monkeys
Germany,Cro,35,8386,cro
Germany,Sean Paul,36,8365,sean paul
Germany,Playboi Carti,37,8249,playboi carti
Germany,Zara Larsson,38,8186,zara larsson
Germany,Fleetwood Mac,39,8107,fleetwood mac
Germany,Black Eyed Peas,40,8074,black eyed peas
Germany,Mitski,41,8063,mitski
Germany,Lil Uzi Vert,42,8030,lil uzi vert
Germany,Pitbull,43,8025,pitbull
Germany,Ufo361,44,8010,ufo361
Germany,Sabrina Carpenter,45,8009,sabrina carpenter
Germany,Frank Ocean,46,7989,frank ocean
Germany,Tate McRae,47,7809,tate mcrae
Germany,Britney Spears,48,7559,britney spears
Germany,Lil Peep,49,7527,lil peep
Germany,Red Hot Chili Peppers,50,7470,red hot chili peppers
Ireland,PinkPantheress,1,5409,pinkpantheress
Ireland,Charli xcx,2,5005,charli xcx
Ireland,Radiohead,3,4574,radiohead
Ireland,Kanye West,4,4400,kanye west
Ireland,Fleetwood Mac,5,4120,fleetwood mac
Ireland,Taylor Swift,6,4024,taylor swift
Ireland,Fontaines D.C.,7,3931,fontaines d.c.
Ireland,Kendrick Lamar,8,3909,kendrick lamar
Ireland,Tame Impala,9,3900,tame impala
Ireland,Rihanna,10,3845,rihanna
Ireland,Sabrina Carpenter,11,3702,sabrina carpenter
Ireland,Gorillaz,12,3694,gorillaz
Ireland,Lana Del Rey,13,3600,lana del rey
Ireland,Drake,14,3593,drake
Ireland,Lady Gaga,15,3548,lady gaga
Ireland,"Tyler, The Creator",16,3418,"tyler, the creator"
Ireland,Arctic Monkeys,17,3414,arctic monkeys
Ireland,Olivia Dean,18,3353,olivia dean
Ireland,Chappell Roan,19,3350,chappell roan
Ireland,The Weeknd,20,3336,the weeknd
Ireland,Ariana Grande,21,3188,ariana grande
Ireland,The Smiths,22,3181,the smiths
Ireland,Frank Ocean,23,3157,frank ocean
Ireland,Mitski,24,3137,mitski
Ireland,A$AP Rocky,25,3007,a$ap rocky
Ireland,Billie Eilish,26,2980,billie eilish
Ireland,sombr,27,2879,sombr
Ireland,Harry Styles,28,2867,harry styles
Ireland,Paramore,29,2848,paramore
Ireland,Bruno Mars,30,2784,bruno mars
Ireland,The Beatles,31,2682,the beatles
Ireland,Sam Fender,32,2649,sam fender
Ireland,Hozier,33,2641,hozier
Ireland,The Cure,34,2540,the cure
Ireland,Lorde,35,2516,lorde
Ireland,Calvin Harris,36,2496,calvin harris
Ireland,Childish Gambino,37,2475,childish gambino
Ireland,Bad Bunny,38,2467,bad bunny
Ireland,Addison Rae,39,2448,addison rae
Ireland,Zara Larsson,40,2439,zara larsson
Ireland,Olivia Rodrigo,41,2425,olivia rodrigo
Ireland,Deftones,42,2417,deftones
Ireland,Clairo,43,2337,clairo
Ireland,TV Girl,44,2324,tv girl
Ireland,Doja Cat,45,2318,doja cat
Ireland,Tate McRae,46,2298,tate mcrae
Ireland,Michael Jackson,47,2262,michael jackson
Ireland,Dominic Fike,48,2248,dominic fike
Ireland,Nirvana,49,2246,nirvana
Ireland,Mac Miller,50,2216,mac miller
Israel,Radiohead,1,1581,radiohead
Israel,Kanye West,2,1424,kanye west
Israel,Kendrick Lamar,3,1419,kendrick lamar
Israel,Tame Impala,4,1175,tame impala
Israel,"Tyler, The Creator",5,1171,"tyler, the creator"
Israel,Drake,6,1163,drake
Israel,The Beatles,7,1087,the beatles
Israel,Arctic Monkeys,8,1063,arctic monkeys
Israel,PinkPantheress,9,1034,pinkpantheress
Israel,Taylor Swift,10,995,taylor swift
Israel,The Weeknd,11,995,the weeknd
Israel,A$AP Rocky,12,991,a$ap rocky
Israel,Bruno Mars,13,976,bruno mars
Israel,Lana Del Rey,14,972,lana del rey
Israel,Rihanna,15,962,rihanna
Israel,Gorillaz,16,930,gorillaz
Israel,Frank Ocean,17,914,frank ocean
Israel,Lady Gaga,18,901,lady gaga
Israel,Charli xcx,19,843,charli xcx
Israel,Omer Adam,20,840,omer adam
Israel,Bad Bunny,21,832,bad bunny
Israel,The Smiths,22,821,the smiths
Israel,Fleetwood Mac,23,818,fleetwood mac
Israel,J. Cole,24,817,j. cole
Israel,Red Hot Chili Peppers,25,813,red hot chili peppers
Israel,Ariana Grande,26,798,ariana grande
Israel,Pink Floyd,27,795,pink floyd
Israel,Billie Eilish,28,791,billie eilish
Israel,Linkin Park,29,783,linkin park
Israel,Mac Miller,30,769,mac miller
Israel,Travis Scott,31,767,travis scott
Israel,Coldplay,32,762,coldplay
Israel,Baby Keem,33,759,baby keem
Israel,Playboi Carti,34,742,playboi carti
Israel,Sabrina Carpenter,35,741,sabrina carpenter
Israel,Future,36,710,future
Israel,Don Toliver,37,699,don toliver
Israel,Nirvana,38,697,nirvana
Israel,Queen,39,690,queen
Israel,Harry Styles,40,675,harry styles
Israel,Michael Jackson,41,668,michael jackson
Israel,Childish Gambino,42,649,childish gambino
Israel,Tuna,43,637,tuna
Israel,David Bowie,44,622,david bowie
Israel,The Neighbourhood,45,613,the neighbourhood
Israel,Eminem,46,612,eminem
Israel,Deftones,47,602,deftones
Israel,Dominic Fike,48,599,dominic fike
Israel,Twenty One Pilots,49,589,twenty one pilots
Israel,Maroon 5,50,578,maroon 5
Italy,saYf,1,10588,sayf
Italy,Ditonellapiaga,2,9532,ditonellapiaga
Italy,Nayt,3,9102,nayt
Italy,Kid Yugi,4,8652,kid yugi
Italy,Bad Bunny,5,7004,bad bunny
Italy,TonyPitony,6,6910,tonypitony
Italy,Sal Da Vinci,7,6894,sal da vinci
Italy,Kanye West,8,6759,kanye west
Italy,Guè,9,6714,guè
Italy,Marracash,10,6652,marracash
Italy,The Weeknd,11,6598,the weeknd
Italy,Luchè,12,6328,luchè
Italy,Chiello,13,6244,chiello
Italy,TREDICI PIETRO,14,6209,tredici pietro
Italy,Fulminacci,15,6177,fulminacci
Italy,Drake,16,5986,drake
Italy,Sfera Ebbasta,17,5954,sfera ebbasta
Italy,Kendrick Lamar,18,5932,kendrick lamar
Italy,Radiohead,19,5749,radiohead
Italy,Gemitaiz,20,5698,gemitaiz
Italy,Artie 5ive,21,5660,artie 5ive
Italy,Samurai Jay,22,5651,samurai jay
Italy,Lazza,23,5448,lazza
Italy,Lady Gaga,24,5358,lady gaga
Italy,Ernia,25,5281,ernia
Italy,Fedez,26,5169,fedez
Italy,Rihanna,27,5154,rihanna
Italy,Capo Plaza,28,5145,capo plaza
Italy,Travis Scott,29,5117,travis scott
Italy,Gorillaz,30,5066,gorillaz
Italy,PinkPantheress,31,5052,pinkpantheress
Italy,Salmo,32,4975,salmo
Italy,Tony Boy,33,4928,tony boy
Italy,"Tyler, The Creator",34,4880,"tyler, the creator"
Italy,Fabri Fibra,35,4850,fabri fibra
Italy,A$AP Rocky,36,4774,a$ap rocky
Italy,Mace,37,4753,mace
Italy,Taylor Swift,38,4714,taylor swift
Italy,thasup,39,4711,thasup
Italy,Charli xcx,40,4592,charli xcx
Italy,Bruno Mars,41,4581,bruno mars
Italy,Geolier,42,4562,geolier
Italy,Tame Impala,43,4560,tame impala
Italy,Arctic Monkeys,44,4449,arctic monkeys
Italy,Lana Del Rey,45,4447,lana del rey
Italy,NIGHT SKINNY,46,4412,night skinny
Italy,Ghali,47,4361,ghali
Italy,Linkin Park,48,4359,linkin park
Italy,Shiva,49,4324,shiva
Italy,Arisa,50,4313,arisa
Mexico,Bad Bunny,1,29561,bad bunny
Mexico,Taylor Swift,2,16716,taylor swift
Mexico,The Weeknd,3,16000,the weeknd
Mexico,Gorillaz,4,15920,gorillaz
Mexico,BTS,5,15649,bts
Mexico,Junior H,6,15312,junior h
Mexico,Rauw Alejandro,7,15003,rauw alejandro
Mexico,Peso Pluma,8,14597,peso pluma
Mexico,Sabrina Carpenter,9,14254,sabrina carpenter
Mexico,Lady Gaga,10,14078,lady gaga
Mexico,Ariana Grande,11,14001,ariana grande
Mexico,Fuerza Regida,12,13968,fuerza regida
Mexico,Billie Eilish,13,13032,billie eilish
Mexico,Bruno Mars,14,12936,bruno mars
Mexico,Kali Uchis,15,12829,kali uchis
Mexico,Coldplay,16,12736,coldplay
Mexico,Lana Del Rey,17,12551,lana del rey
Mexico,Zoé,18,12515,zoé
Mexico,Kendrick Lamar,19,12496,kendrick lamar
Mexico,Arctic Monkeys,20,12447,arctic monkeys
Mexico,Radiohead,21,12250,radiohead
Mexico,Harry Styles,22,12237,harry styles
Mexico,J Balvin,23,12219,j balvin
Mexico,Shakira,24,12122,shakira
Mexico,Tainy,25,12119,tainy
Mexico,"Tyler, The Creator",26,11714,"tyler, the creator"
Mexico,Kanye West,27,11574,kanye west
Mexico,Mon Laferte,28,11389,mon laferte
Mexico,Tame Impala,29,11271,tame impala
Mexico,Natanael Cano,30,10973,natanael cano
Mexico,Jung Kook,31,10860,jung kook
Mexico,The Marías,32,10828,the marías
Mexico,Charli xcx,33,10724,charli xcx
Mexico,PinkPantheress,34,10545,pinkpantheress
Mexico,Luis Miguel,35,10416,luis miguel
Mexico,j-hope,36,10341,j-hope
Mexico,ROSALÍA,37,10238,rosalía
Mexico,Rihanna,38,10141,rihanna
Mexico,Doja Cat,39,10023,doja cat
Mexico,Justin Bieber,40,9947,justin bieber
Mexico,Twenty One Pilots,41,9779,twenty one pilots
Mexico,Drake,42,9708,drake
Mexico,Daft Punk,43,9461,daft punk
Mexico,Joji,44,9356,joji
Mexico,Caifanes,45,9130,caifanes
Mexico,BLACKPINK,46,9061,blackpink
Mexico,Olivia Rodrigo,47,9041,olivia rodrigo
Mexico,José José,48,8976,josé josé
Mexico,Michael Jackson,49,8953,michael jackson
Mexico,LE SSERAFIM,50,8903,le sserafim
Netherlands,Bruno Mars,1,11751,bruno mars
Netherlands,Tame Impala,2,11428,tame impala
Netherlands,Radiohead,3,11215,radiohead
Netherlands,PinkPantheress,4,11183,pinkpantheress
Netherlands,Gorillaz,5,11170,gorillaz
Netherlands,Fleetwood Mac,6,10708,fleetwood mac
Netherlands,Kanye West,7,10311,kanye west
Netherlands,Rihanna,8,9915,rihanna
Netherlands,The Weeknd,9,9833,the weeknd
Netherlands,Taylor Swift,10,9827,taylor swift
Netherlands,Kendrick Lamar,11,9488,kendrick lamar
Netherlands,Lady Gaga,12,9308,lady gaga
Netherlands,Charli xcx,13,9132,charli xcx
Netherlands,Coldplay,14,9109,coldplay
Netherlands,Drake,15,8973,drake
Netherlands,Billie Eilish,16,8765,billie eilish
Netherlands,Arctic Monkeys,17,8368,arctic monkeys
Netherlands,Michael Jackson,18,8256,michael jackson
Netherlands,Harry Styles,19,8195,harry styles
Netherlands,sombr,20,8152,sombr
Netherlands,Lana Del Rey,21,8147,lana del rey
Netherlands,Linkin Park,22,7998,linkin park
Netherlands,Olivia Dean,23,7933,olivia dean
Netherlands,"Tyler, The Creator",24,7820,"tyler, the creator"
Netherlands,Ariana Grande,25,7752,ariana grande
Netherlands,A$AP Rocky,26,7749,a$ap rocky
Netherlands,Sabrina Carpenter,27,7641,sabrina carpenter
Netherlands,Bad Bunny,28,7535,bad bunny
Netherlands,Zara Larsson,29,7456,zara larsson
Netherlands,Twenty One Pilots,30,7416,twenty one pilots
Netherlands,RAYE,31,7202,raye
Netherlands,Calvin Harris,32,7064,calvin harris
Netherlands,Lil Kleine,33,6965,lil kleine
Netherlands,Frank Ocean,34,6924,frank ocean
Netherlands,Red Hot Chili Peppers,35,6802,red hot chili peppers
Netherlands,Mitski,36,6799,mitski
Netherlands,The Smiths,37,6724,the smiths
Netherlands,The Neighbourhood,38,6558,the neighbourhood
Netherlands,David Guetta,39,6529,david guetta
Netherlands,Mac Miller,40,6448,mac miller
Netherlands,The Beatles,41,6357,the beatles
Netherlands,Queen,42,6327,queen
Netherlands,The Cure,43,5916,the cure
Netherlands,Justin Bieber,44,5861,justin bieber
Netherlands,Muse,45,5830,muse
Netherlands,Tate McRae,46,5721,tate mcrae
Netherlands,Nirvana,47,5697,nirvana
Netherlands,Paramore,48,5654,paramore
Netherlands,Dominic Fike,49,5652,dominic fike
Netherlands,Travis Scott,50,5629,travis scott
New Zealand,PinkPantheress,1,4485,pinkpantheress
New Zealand,Kendrick Lamar,2,4132,kendrick lamar
New Zealand,Kanye West,3,4111,kanye west
New Zealand,Radiohead,4,4007,radiohead
New Zealand,Drake,5,3951,drake
New Zealand,Rihanna,6,3881,rihanna
New Zealand,Charli xcx,7,3814,charli xcx
New Zealand,The Weeknd,8,3682,the weeknd
New Zealand,Bruno Mars,9,3534,bruno mars
New Zealand,Frank Ocean,10,3425,frank ocean
New Zealand,"Tyler, The Creator",11,3420,"tyler, the creator"
New Zealand,Taylor Swift,12,3387,taylor swift
New Zealand,A$AP Rocky,13,3322,a$ap rocky
New Zealand,Tame Impala,14,3319,tame impala
New Zealand,Fleetwood Mac,15,3293,fleetwood mac
New Zealand,Ariana Grande,16,3158,ariana grande
New Zealand,Paramore,17,3106,paramore
New Zealand,Olivia Dean,18,3084,olivia dean
New Zealand,Gorillaz,19,3080,gorillaz
New Zealand,Sabrina Carpenter,20,2974,sabrina carpenter
New Zealand,Lana Del Rey,21,2956,lana del rey
New Zealand,Lady Gaga,22,2955,lady gaga
New Zealand,Billie Eilish,23,2844,billie eilish
New Zealand,SZA,24,2769,sza
New Zealand,Justin Bieber,25,2721,justin bieber
New Zealand,Arctic Monkeys,26,2710,arctic monkeys
New Zealand,Lorde,27,2678,lorde
New Zealand,Doja Cat,28,2668,doja cat
New Zealand,Chappell Roan,29,2627,chappell roan
New Zealand,Harry Styles,30,2559,harry styles
New Zealand,Mitski,31,2549,mitski
New Zealand,Don Toliver,32,2547,don toliver
New Zealand,Clairo,33,2494,clairo
New Zealand,Deftones,34,2460,deftones
New Zealand,Childish Gambino,35,2455,childish gambino
New Zealand,Travis Scott,36,2392,travis scott
New Zealand,Mac Miller,37,2385,mac miller
New Zealand,J. Cole,38,2382,j. cole
New Zealand,Future,39,2353,future
New Zealand,The Marías,40,2314,the marías
New Zealand,Playboi Carti,41,2304,playboi carti
New Zealand,Calvin Harris,42,2274,calvin harris
New Zealand,Michael Jackson,43,2271,michael jackson
New Zealand,sombr,44,2266,sombr
New Zealand,Red Hot Chili Peppers,45,2265,red hot chili peppers
New Zealand,Dominic Fike,46,2258,dominic fike
New Zealand,The Smiths,47,2252,the smiths
New Zealand,Coldplay,48,2252,coldplay
New Zealand,beabadoobee,49,2211,beabadoobee
New Zealand,Linkin Park,50,2110,linkin park
Norway,Kanye West,1,3549,kanye west
Norway,Radiohead,2,3259,radiohead
Norway,Tame Impala,3,3208,tame impala
Norway,PinkPantheress,4,3176,pinkpantheress
Norway,Rihanna,5,3094,rihanna
Norway,The Weeknd,6,3055,the weeknd
Norway,Kendrick Lamar,7,3041,kendrick lamar
Norway,Gorillaz,8,3018,gorillaz
Norway,Taylor Swift,9,2868,taylor swift
Norway,Drake,10,2833,drake
Norway,Fleetwood Mac,11,2832,fleetwood mac
Norway,A$AP Rocky,12,2796,a$ap rocky
Norway,Bruno Mars,13,2780,bruno mars
Norway,Lana Del Rey,14,2632,lana del rey
Norway,Charli xcx,15,2603,charli xcx
Norway,Coldplay,16,2567,coldplay
Norway,Billie Eilish,17,2531,billie eilish
Norway,Lady Gaga,18,2481,lady gaga
Norway,Frank Ocean,19,2338,frank ocean
Norway,Zara Larsson,20,2336,zara larsson
Norway,"Tyler, The Creator",21,2262,"tyler, the creator"
Norway,sombr,22,2207,sombr
Norway,Calvin Harris,23,2158,calvin harris
Norway,The Neighbourhood,24,2136,the neighbourhood
Norway,Sabrina Carpenter,25,2136,sabrina carpenter
Norway,Linkin Park,26,2134,linkin park
Norway,David Guetta,27,2130,david guetta
Norway,Ariana Grande,28,2090,ariana grande
Norway,Michael Jackson,29,2057,michael jackson
Norway,Pink Floyd,30,2056,pink floyd
Norway,Travis Scott,31,2030,travis scott
Norway,Olivia Dean,32,1989,olivia dean
Norway,Justin Bieber,33,1986,justin bieber
Norway,Mitski,34,1967,mitski
Norway,Mac Miller,35,1947,mac miller
Norway,Harry Styles,36,1899,harry styles
Norway,RAYE,37,1887,raye
Norway,Don Toliver,38,1881,don toliver
Norway,Arctic Monkeys,39,1877,arctic monkeys
Norway,The Smiths,40,1835,the smiths
Norway,The Beatles,41,1833,the beatles
Norway,Karpe,42,1805,karpe
Norway,J. Cole,43,1802,j. cole
Norway,Tate McRae,44,1781,tate mcrae
Norway,Future,45,1770,future
Norway,Bad Bunny,46,1768,bad bunny
Norway,Eminem,47,1751,eminem
Norway,Dominic Fike,48,1733,dominic fike
Norway,Bausa,49,1726,bausa
Norway,Childish Gambino,50,1713,childish gambino
Peru,Bad Bunny,1,6333,bad bunny
Peru,BTS,2,4668,bts
Peru,Rauw Alejandro,3,3354,rauw alejandro
Peru,Bruno Mars,4,3332,bruno mars
Peru,Taylor Swift,5,3226,taylor swift
Peru,The Weeknd,6,3170,the weeknd
Peru,Sabrina Carpenter,7,3169,sabrina carpenter
Peru,Ariana Grande,8,3149,ariana grande
Peru,Jung Kook,9,3127,jung kook
Peru,Gorillaz,10,3073,gorillaz
Peru,j-hope,11,2961,j-hope
Peru,Coldplay,12,2873,coldplay
Peru,J Balvin,13,2811,j balvin
Peru,Arctic Monkeys,14,2777,arctic monkeys
Peru,Lady Gaga,15,2749,lady gaga
Peru,Kali Uchis,16,2719,kali uchis
Peru,PinkPantheress,17,2681,pinkpantheress
Peru,Doja Cat,18,2490,doja cat
Peru,Agust D,19,2474,agust d
Peru,Jin,20,2448,jin
Peru,Jimin,21,2448,jimin
Peru,Radiohead,22,2448,radiohead
Peru,LE SSERAFIM,23,2400,le sserafim
Peru,RM,24,2384,rm
Peru,Soda Stereo,25,2345,soda stereo
Peru,Billie Eilish,26,2342,billie eilish
Peru,"Tyler, The Creator",27,2317,"tyler, the creator"
Peru,Shakira,28,2312,shakira
Peru,V,29,2300,v
Peru,Michael Jackson,30,2300,michael jackson
Peru,Mon Laferte,31,2293,mon laferte
Peru,Daddy Yankee,32,2287,daddy yankee
Peru,Tainy,33,2263,tainy
Peru,Harry Styles,34,2222,harry styles
Peru,Rihanna,35,2206,rihanna
Peru,Maluma,36,2202,maluma
Peru,Justin Bieber,37,2180,justin bieber
Peru,BLACKPINK,38,2145,blackpink
Peru,Tame Impala,39,2140,tame impala
Peru,Lana Del Rey,40,2136,lana del rey
Peru,KAROL G,41,2108,karol g
Peru,TWICE,42,2065,twice
Peru,Kendrick Lamar,43,2025,kendrick lamar
Peru,The Marías,44,2023,the marías
Peru,The Strokes,45,1963,the strokes
Peru,Milo j,46,1960,milo j
Peru,Plan B,47,1950,plan b
Peru,KATSEYE,48,1941,katseye
Peru,Maroon 5,49,1931,maroon 5
Peru,Feid,50,1918,feid
Poland,Taco Hemingway,1,15281,taco hemingway
Poland,A$AP Rocky,2,13906,a$ap rocky
Poland,PinkPantheress,3,13834,pinkpantheress
Poland,Rihanna,4,13831,rihanna
Poland,Charli xcx,5,13370,charli xcx
Poland,Lady Gaga,6,13296,lady gaga
Poland,Kanye West,7,13208,kanye west
Poland,Gorillaz,8,12900,gorillaz
Poland,Lana Del Rey,9,12699,lana del rey
Poland,Tame Impala,10,12118,tame impala
Poland,The Weeknd,11,12024,the weeknd
Poland,Radiohead,12,11655,radiohead
Poland,Kendrick Lamar,13,11203,kendrick lamar
Poland,Linkin Park,14,11099,linkin park
Poland,Mata,15,10645,mata
Poland,Quebonafide,16,10137,quebonafide
Poland,Kaz Bałagane,17,9971,kaz bałagane
Poland,Arctic Monkeys,18,9815,arctic monkeys
Poland,Otsochodzi,19,9700,otsochodzi
Poland,Billie Eilish,20,9668,billie eilish
Poland,Sentino,21,9663,sentino
Poland,The Neighbourhood,22,9463,the neighbourhood
Poland,Taylor Swift,23,9410,taylor swift
Poland,Drake,24,9393,drake
Poland,"Tyler, The Creator",25,9190,"tyler, the creator"
Poland,PRO8L3M,26,9182,pro8l3m
Poland,Travis Scott,27,8889,travis scott
Poland,Pezet,28,8754,pezet
Poland,Bad Bunny,29,8584,bad bunny
Poland,David Guetta,30,8551,david guetta
Poland,Future,31,8528,future
Poland,Twenty One Pilots,32,8497,twenty one pilots
Poland,Dawid Podsiadło,33,8473,dawid podsiadło
Poland,Fleetwood Mac,34,8461,fleetwood mac
Poland,malik montana,35,8429,malik montana
Poland,Playboi Carti,36,8428,playboi carti
Poland,Don Toliver,37,8345,don toliver
Poland,Żabson,38,8297,żabson
Poland,Mitski,39,8254,mitski
Poland,sombr,40,8197,sombr
Poland,Oki,41,8132,oki
Poland,Bedoes 2115,42,8055,bedoes 2115
Poland,Ariana Grande,43,8037,ariana grande
Poland,Calvin Harris,44,8036,calvin harris
Poland,Myslovitz,45,7993,myslovitz
Poland,Deftones,46,7753,deftones
Poland,Lil Uzi Vert,47,7711,lil uzi vert
Poland,Madonna,48,7668,madonna
Poland,Pitbull,49,7551,pitbull
Poland,Britney Spears,50,7508,britney spears
Singapore,Taylor Swift,1,3877,taylor swift
Singapore,Ariana Grande,2,3552,ariana grande
Singapore,PinkPantheress,3,3408,pinkpantheress
Singapore,Bruno Mars,4,3394,bruno mars
Singapore,The Weeknd,5,2868,the weeknd
Singapore,Sabrina Carpenter,6,2810,sabrina carpenter
Singapore,Justin Bieber,7,2713,justin bieber
Singapore,Lady Gaga,8,2382,lady gaga
Singapore,Charli xcx,9,2367,charli xcx
Singapore,Billie Eilish,10,2342,billie eilish
Singapore,Kendrick Lamar,11,2339,kendrick lamar
Singapore,The Marías,12,2323,the marías
Singapore,Tate McRae,13,2288,tate mcrae
Singapore,Tame Impala,14,2245,tame impala
Singapore,SZA,15,2228,sza
Singapore,Coldplay,16,2212,coldplay
Singapore,Rihanna,17,2211,rihanna
Singapore,Daniel Caesar,18,2199,daniel caesar
Singapore,Drake,19,2185,drake
Singapore,Maroon 5,20,2161,maroon 5
Singapore,Olivia Dean,21,2088,olivia dean
Singapore,sombr,22,2076,sombr
Singapore,Radiohead,23,2051,radiohead
Singapore,Joji,24,2042,joji
Singapore,Paramore,25,2041,paramore
Singapore,Laufey,26,2031,laufey
Singapore,Lana Del Rey,27,1999,lana del rey
Singapore,Doja Cat,28,1994,doja cat
Singapore,The Neighbourhood,29,1987,the neighbourhood
Singapore,Clairo,30,1933,clairo
Singapore,beabadoobee,31,1930,beabadoobee
Singapore,Don Toliver,32,1917,don toliver
Singapore,BLACKPINK,33,1914,blackpink
Singapore,Arctic Monkeys,34,1903,arctic monkeys
Singapore,LE SSERAFIM,35,1888,le sserafim
Singapore,The 1975,36,1870,the 1975
Singapore,Malcolm Todd,37,1858,malcolm todd
Singapore,Olivia Rodrigo,38,1833,olivia rodrigo
Singapore,BTS,39,1792,bts
Singapore,Harry Styles,40,1784,harry styles
Singapore,Mitski,41,1777,mitski
Singapore,TWICE,42,1769,twice
Singapore,"Tyler, The Creator",43,1760,"tyler, the creator"
Singapore,IVE,44,1754,ive
Singapore,Frank Ocean,45,1733,frank ocean
Singapore,One Direction,46,1730,one direction
Singapore,Zara Larsson,47,1723,zara larsson
Singapore,Gracie Abrams,48,1710,gracie abrams
Singapore,Chappell Roan,49,1708,chappell roan
Singapore,NewJeans,50,1703,newjeans
South Africa,Drake,1,1698,drake
South Africa,Kendrick Lamar,2,1516,kendrick lamar
South Africa,The Weeknd,3,1410,the weeknd
South Africa,Kanye West,4,1337,kanye west
South Africa,PinkPantheress,5,1335,pinkpantheress
South Africa,Rihanna,6,1317,rihanna
South Africa,"Tyler, The Creator",7,1160,"tyler, the creator"
South Africa,Frank Ocean,8,1153,frank ocean
South Africa,Ariana Grande,9,1123,ariana grande
South Africa,Don Toliver,10,1092,don toliver
South Africa,J. Cole,11,1085,j. cole
South Africa,Billie Eilish,12,1070,billie eilish
South Africa,Radiohead,13,1049,radiohead
South Africa,Doja Cat,14,1043,doja cat
South Africa,Lana Del Rey,15,1038,lana del rey
South Africa,A$AP Rocky,16,1034,a$ap rocky
South Africa,Tame Impala,17,1034,tame impala
South Africa,Bruno Mars,18,1023,bruno mars
South Africa,Travis Scott,19,1016,travis scott
South Africa,Taylor Swift,20,984,taylor swift
South Africa,Baby Keem,21,964,baby keem
South Africa,Future,22,917,future
South Africa,Playboi Carti,23,912,playboi carti
South Africa,Mitski,24,908,mitski
South Africa,Charli xcx,25,907,charli xcx
South Africa,SZA,26,896,sza
South Africa,Sabrina Carpenter,27,863,sabrina carpenter
South Africa,Lady Gaga,28,850,lady gaga
South Africa,Brent Faiyaz,29,848,brent faiyaz
South Africa,Beyoncé,30,844,beyoncé
South Africa,Gorillaz,31,809,gorillaz
South Africa,The Neighbourhood,32,808,the neighbourhood
South Africa,The Marías,33,799,the marías
South Africa,Justin Bieber,34,798,justin bieber
South Africa,Olivia Dean,35,797,olivia dean
South Africa,Childish Gambino,36,795,childish gambino
South Africa,Coldplay,37,794,coldplay
South Africa,Daniel Caesar,38,773,daniel caesar
South Africa,Mac Miller,39,770,mac miller
South Africa,Twenty One Pilots,40,762,twenty one pilots
South Africa,Michael Jackson,41,761,michael jackson
South Africa,Yeat,42,746,yeat
South Africa,Steve Lacy,43,732,steve lacy
South Africa,Lil Uzi Vert,44,730,lil uzi vert
South Africa,Dominic Fike,45,720,dominic fike
South Africa,Arctic Monkeys,46,715,arctic monkeys
South Africa,Joji,47,712,joji
South Africa,Deftones,48,704,deftones
South Africa,Linkin Park,49,697,linkin park
South Africa,Fleetwood Mac,50,682,fleetwood mac
Spain,Bad Bunny,1,14413,bad bunny
Spain,ROSALÍA,2,10012,rosalía
Spain,Taylor Swift,3,8739,taylor swift
Spain,Charli xcx,4,8586,charli xcx
Spain,PinkPantheress,5,8038,pinkpantheress
Spain,Lady Gaga,6,7592,lady gaga
Spain,Bad Gyal,7,7262,bad gyal
Spain,Ariana Grande,8,7004,ariana grande
Spain,Sabrina Carpenter,9,7003,sabrina carpenter
Spain,Rihanna,10,6873,rihanna
Spain,Quevedo,11,6614,quevedo
Spain,Lana Del Rey,12,6459,lana del rey
Spain,The Weeknd,13,6412,the weeknd
Spain,C. Tangana,14,6391,c. tangana
Spain,Bruno Mars,15,6290,bruno mars
Spain,Rauw Alejandro,16,6048,rauw alejandro
Spain,Gorillaz,17,5886,gorillaz
Spain,Radiohead,18,5816,radiohead
Spain,Billie Eilish,19,5761,billie eilish
Spain,Aitana,20,5446,aitana
Spain,Harry Styles,21,5388,harry styles
Spain,Arctic Monkeys,22,5345,arctic monkeys
Spain,Rusowsky,23,5303,rusowsky
Spain,Kanye West,24,5295,kanye west
Spain,Tame Impala,25,5254,tame impala
Spain,Mora,26,5111,mora
Spain,Olivia Rodrigo,27,5049,olivia rodrigo
Spain,Omar Courtz,28,5009,omar courtz
Spain,RAYE,29,5000,raye
Spain,Zara Larsson,30,4976,zara larsson
Spain,Mitski,31,4882,mitski
Spain,Kendrick Lamar,32,4822,kendrick lamar
Spain,Coldplay,33,4818,coldplay
Spain,Shakira,34,4807,shakira
Spain,Bizarrap,35,4764,bizarrap
Spain,J Balvin,36,4748,j balvin
Spain,Drake,37,4707,drake
Spain,Chappell Roan,38,4660,chappell roan
Spain,Myke Towers,39,4638,myke towers
Spain,Dua Lipa,40,4560,dua lipa
Spain,Extremoduro,41,4496,extremoduro
Spain,Judeline,42,4460,judeline
Spain,Tate McRae,43,4449,tate mcrae
Spain,"Tyler, The Creator",44,4405,"tyler, the creator"
Spain,Linkin Park,45,4322,linkin park
Spain,Tainy,46,4280,tainy
Spain,Britney Spears,47,4270,britney spears
Spain,Doja Cat,48,4205,doja cat
Spain,Saiko,49,4142,saiko
Spain,Fleetwood Mac,50,4091,fleetwood mac
Sweden,PinkPantheress,1,6396,pinkpantheress
Sweden,Kanye West,2,5967,kanye west
Sweden,Radiohead,3,5679,radiohead
Sweden,Fleetwood Mac,4,5489,fleetwood mac
Sweden,Rihanna,5,5479,rihanna
Sweden,Gorillaz,6,5434,gorillaz
Sweden,Charli xcx,7,5205,charli xcx
Sweden,The Weeknd,8,5176,the weeknd
Sweden,Lady Gaga,9,5138,lady gaga
Sweden,Kendrick Lamar,10,5054,kendrick lamar
Sweden,Taylor Swift,11,4967,taylor swift
Sweden,Tame Impala,12,4965,tame impala
Sweden,Lana Del Rey,13,4893,lana del rey
Sweden,Veronica Maggio,14,4804,veronica maggio
Sweden,Drake,15,4675,drake
Sweden,Kent,16,4648,kent
Sweden,Zara Larsson,17,4627,zara larsson
Sweden,The Smiths,18,4321,the smiths
Sweden,Billie Eilish,19,4283,billie eilish
Sweden,Bruno Mars,20,4269,bruno mars
Sweden,A$AP Rocky,21,4122,a$ap rocky
Sweden,Coldplay,22,4047,coldplay
Sweden,Linkin Park,23,3926,linkin park
Sweden,Michael Jackson,24,3852,michael jackson
Sweden,Frank Ocean,25,3845,frank ocean
Sweden,Arctic Monkeys,26,3722,arctic monkeys
Sweden,The Beatles,27,3699,the beatles
Sweden,"Tyler, The Creator",28,3699,"tyler, the creator"
Sweden,sombr,29,3676,sombr
Sweden,Mitski,30,3646,mitski
Sweden,Bad Bunny,31,3562,bad bunny
Sweden,Ariana Grande,32,3533,ariana grande
Sweden,Sabrina Carpenter,33,3455,sabrina carpenter
Sweden,The Cure,34,3358,the cure
Sweden,The Neighbourhood,35,3320,the neighbourhood
Sweden,Justin Bieber,36,3313,justin bieber
Sweden,Håkan Hellström,37,3301,håkan hellström
Sweden,Eminem,38,3301,eminem
Sweden,Paramore,39,3289,paramore
Sweden,David Guetta,40,3275,david guetta
Sweden,Calvin Harris,41,3247,calvin harris
Sweden,Harry Styles,42,3192,harry styles
Sweden,ABBA,43,3145,abba
Sweden,Olivia Dean,44,3069,olivia dean
Sweden,Red Hot Chili Peppers,45,3065,red hot chili peppers
Sweden,Queen,46,3063,queen
Sweden,Daft Punk,47,3049,daft punk
Sweden,Deftones,48,3036,deftones
Sweden,David Bowie,49,2997,david bowie
Sweden,Future,50,2979,future
Switzerland,The Weeknd,1,1609,the weeknd
Switzerland,Bad Bunny,2,1533,bad bunny
Switzerland,Drake,3,1532,drake
Switzerland,PinkPantheress,4,1477,pinkpantheress
Switzerland,Kanye West,5,1476,kanye west
Switzerland,Gorillaz,6,1471,gorillaz
Switzerland,Rihanna,7,1453,rihanna
Switzerland,Tame Impala,8,1405,tame impala
Switzerland,Kendrick Lamar,9,1374,kendrick lamar
Switzerland,Linkin Park,10,1345,linkin park
Switzerland,A$AP Rocky,11,1330,a$ap rocky
Switzerland,Radiohead,12,1324,radiohead
Switzerland,Lady Gaga,13,1296,lady gaga
Switzerland,Taylor Swift,14,1255,taylor swift
Switzerland,Lana Del Rey,15,1201,lana del rey
Switzerland,Billie Eilish,16,1193,billie eilish
Switzerland,Bruno Mars,17,1179,bruno mars
Switzerland,Charli xcx,18,1162,charli xcx
Switzerland,Travis Scott,19,1115,travis scott
Switzerland,Don Toliver,20,1103,don toliver
Switzerland,Coldplay,21,1102,coldplay
Switzerland,"Tyler, The Creator",22,1087,"tyler, the creator"
Switzerland,Future,23,1076,future
Switzerland,Eminem,24,1023,eminem
Switzerland,The Neighbourhood,25,1009,the neighbourhood
Switzerland,David Guetta,26,988,david guetta
Switzerland,Michael Jackson,27,987,michael jackson
Switzerland,Ariana Grande,28,981,ariana grande
Switzerland,Twenty One Pilots,29,980,twenty one pilots
Switzerland,Arctic Monkeys,30,951,arctic monkeys
Switzerland,Frank Ocean,31,935,frank ocean
Switzerland,Calvin Harris,32,923,calvin harris
Switzerland,Mitski,33,919,mitski
Switzerland,Fleetwood Mac,34,905,fleetwood mac
Switzerland,Playboi Carti,35,888,playboi carti
Switzerland,Lil Uzi Vert,36,868,lil uzi vert
Switzerland,sombr,37,864,sombr
Switzerland,Red Hot Chili Peppers,38,823,red hot chili peppers
Switzerland,RAYE,39,822,raye
Switzerland,Yeat,40,813,yeat
Switzerland,Queen,41,800,queen
Switzerland,Mac Miller,42,798,mac miller
Switzerland,Doja Cat,43,791,doja cat
Switzerland,Daft Punk,44,789,daft punk
Switzerland,Zara Larsson,45,788,zara larsson
Switzerland,J. Cole,46,779,j. cole
Switzerland,Dominic Fike,47,779,dominic fike
Switzerland,Katy Perry,48,776,katy perry
Switzerland,Tate McRae,49,774,tate mcrae
Switzerland,Sabrina Carpenter,50,770,sabrina carpenter
Turkey,Tame Impala,1,7809,tame impala
Turkey,Uzi,2,7577,uzi
Turkey,Motive,3,7401,motive
Turkey,Manifest,4,7360,manifest
Turkey,Mor ve Ötesi,5,7117,mor ve ötesi
Turkey,The Weeknd,6,6633,the weeknd
Turkey,Radiohead,7,6573,radiohead
Turkey,Şam,8,6428,şam
Turkey,PinkPantheress,9,5763,pinkpantheress
Turkey,Kanye West,10,5759,kanye west
Turkey,Lana Del Rey,11,5698,lana del rey
Turkey,Lvbel C5,12,5543,lvbel c5
Turkey,Şebnem Ferah,13,5525,şebnem ferah
Turkey,Rihanna,14,5465,rihanna
Turkey,Tarkan,15,5413,tarkan
Turkey,Billie Eilish,16,5258,billie eilish
Turkey,Drake,17,5156,drake
Turkey,Lady Gaga,18,5116,lady gaga
Turkey,Kendrick Lamar,19,5099,kendrick lamar
Turkey,Wegh,20,4911,wegh
Turkey,Ati242,21,4842,ati242
Turkey,Sezen Aksu,22,4774,sezen aksu
Turkey,Mitski,23,4721,mitski
Turkey,Yalin,24,4648,yalin
Turkey,Taylor Swift,25,4637,taylor swift
Turkey,A$AP Rocky,26,4440,a$ap rocky
Turkey,The Neighbourhood,27,4412,the neighbourhood
Turkey,Ezhel,28,4396,ezhel
Turkey,Gorillaz,29,4394,gorillaz
Turkey,Arctic Monkeys,30,4330,arctic monkeys
Turkey,Sertab Erener,31,4222,sertab erener
Turkey,Alizade,32,4217,alizade
Turkey,Don Toliver,33,4130,don toliver
Turkey,Linkin Park,34,4088,linkin park
Turkey,Hande Yener,35,4085,hande yener
Turkey,Travis Scott,36,4075,travis scott
Turkey,Charli xcx,37,4028,charli xcx
Turkey,Kalben,38,3978,kalben
Turkey,EsDeeKid,39,3944,esdeekid
Turkey,Duman,40,3831,duman
Turkey,Doja Cat,41,3804,doja cat
Turkey,Ariana Grande,42,3794,ariana grande
Turkey,Pilli Bebek,43,3756,pilli bebek
Turkey,Kenan Doğulu,44,3679,kenan doğulu
Turkey,The Smiths,45,3663,the smiths
Turkey,Teoman,46,3650,teoman
Turkey,Bad Bunny,47,3626,bad bunny
Turkey,Britney Spears,48,3617,britney spears
Turkey,Dolu Kadehi Ters Tut,49,3600,dolu kadehi ters tut
Turkey,Future,50,3573,future
United Arab Emirates,Drake,1,1842,drake
United Arab Emirates,The Weeknd,2,1724,the weeknd
United Arab Emirates,PinkPantheress,3,1668,pinkpantheress
United Arab Emirates,Don Toliver,4,1441,don toliver
United Arab Emirates,Kanye West,5,1367,kanye west
United Arab Emirates,Tame Impala,6,1327,tame impala
United Arab Emirates,Kendrick Lamar,7,1295,kendrick lamar
United Arab Emirates,Frank Ocean,8,1241,frank ocean
United Arab Emirates,Radiohead,9,1234,radiohead
United Arab Emirates,The Marías,10,1229,the marías
United Arab Emirates,Ariana Grande,11,1190,ariana grande
United Arab Emirates,The Neighbourhood,12,1176,the neighbourhood
United Arab Emirates,A$AP Rocky,13,1163,a$ap rocky
United Arab Emirates,Arctic Monkeys,14,1096,arctic monkeys
United Arab Emirates,Lana Del Rey,15,1065,lana del rey
United Arab Emirates,Travis Scott,16,1064,travis scott
United Arab Emirates,PARTYNEXTDOOR,17,1062,partynextdoor
United Arab Emirates,Bruno Mars,18,1056,bruno mars
United Arab Emirates,Rihanna,19,1049,rihanna
United Arab Emirates,"Tyler, The Creator",20,1041,"tyler, the creator"
United Arab Emirates,Taylor Swift,21,1037,taylor swift
United Arab Emirates,Mitski,22,1029,mitski
United Arab Emirates,Playboi Carti,23,1021,playboi carti
United Arab Emirates,Future,24,1016,future
United Arab Emirates,Malcolm Todd,25,1012,malcolm todd
United Arab Emirates,TV Girl,26,991,tv girl
United Arab Emirates,Childish Gambino,27,991,childish gambino
United Arab Emirates,Justin Bieber,28,991,justin bieber
United Arab Emirates,Billie Eilish,29,980,billie eilish
United Arab Emirates,Doja Cat,30,979,doja cat
United Arab Emirates,Clairo,31,963,clairo
United Arab Emirates,beabadoobee,32,951,beabadoobee
United Arab Emirates,Brent Faiyaz,33,930,brent faiyaz
United Arab Emirates,Daniel Caesar,34,925,daniel caesar
United Arab Emirates,Cigarettes After Sex,35,888,cigarettes after sex
United Arab Emirates,Laufey,36,883,laufey
United Arab Emirates,Lil Uzi Vert,37,865,lil uzi vert
United Arab Emirates,Mac DeMarco,38,863,mac demarco
United Arab Emirates,SZA,39,861,sza
United Arab Emirates,Joji,40,848,joji
United Arab Emirates,Tory Lanez,41,825,tory lanez
United Arab Emirates,Metro Boomin,42,820,metro boomin
United Arab Emirates,Yeat,43,819,yeat
United Arab Emirates,Steve Lacy,44,811,steve lacy
United Arab Emirates,EsDeeKid,45,804,esdeekid
United Arab Emirates,Lady Gaga,46,803,lady gaga
United Arab Emirates,Sabrina Carpenter,47,800,sabrina carpenter
United Arab Emirates,Charli xcx,48,779,charli xcx
United Arab Emirates,Dominic Fike,49,775,dominic fike
United Arab Emirates,Deftones,50,762,deftones
United Kingdom,PinkPantheress,1,57638,pinkpantheress
United Kingdom,Charli xcx,2,52388,charli xcx
United Kingdom,Radiohead,3,51623,radiohead
United Kingdom,Kanye West,4,46525,kanye west
United Kingdom,Rihanna,5,45412,rihanna
United Kingdom,Arctic Monkeys,6,45120,arctic monkeys
United Kingdom,Taylor Swift,7,44302,taylor swift
United Kingdom,Drake,8,42798,drake
United Kingdom,Kendrick Lamar,9,41824,kendrick lamar
United Kingdom,Sabrina Carpenter,10,41802,sabrina carpenter
United Kingdom,Gorillaz,11,41771,gorillaz
United Kingdom,Fleetwood Mac,12,41482,fleetwood mac
United Kingdom,Tame Impala,13,41476,tame impala
United Kingdom,The Weeknd,14,41413,the weeknd
United Kingdom,Lady Gaga,15,41228,lady gaga
United Kingdom,Lana Del Rey,16,39438,lana del rey
United Kingdom,Paramore,17,37952,paramore
United Kingdom,"Tyler, The Creator",18,37810,"tyler, the creator"
United Kingdom,Ariana Grande,19,37536,ariana grande
United Kingdom,The Smiths,20,36528,the smiths
United Kingdom,Bruno Mars,21,35832,bruno mars
United Kingdom,Chappell Roan,22,35484,chappell roan
United Kingdom,Olivia Dean,23,35294,olivia dean
United Kingdom,Mitski,24,34894,mitski
United Kingdom,Frank Ocean,25,34142,frank ocean
United Kingdom,Billie Eilish,26,33700,billie eilish
United Kingdom,Harry Styles,27,31611,harry styles
United Kingdom,A$AP Rocky,28,31001,a$ap rocky
United Kingdom,sombr,29,30171,sombr
United Kingdom,The Beatles,30,29749,the beatles
United Kingdom,Deftones,31,29134,deftones
United Kingdom,The Cure,32,28804,the cure
United Kingdom,Childish Gambino,33,28602,childish gambino
United Kingdom,Michael Jackson,34,28052,michael jackson
United Kingdom,Doja Cat,35,28002,doja cat
United Kingdom,Linkin Park,36,27809,linkin park
United Kingdom,Fontaines D.C.,37,27783,fontaines d.c.
United Kingdom,Olivia Rodrigo,38,27416,olivia rodrigo
United Kingdom,Sam Fender,39,27241,sam fender
United Kingdom,Clairo,40,26547,clairo
United Kingdom,RAYE,41,26050,raye
United Kingdom,Calvin Harris,42,25800,calvin harris
United Kingdom,Twenty One Pilots,43,25707,twenty one pilots
United Kingdom,beabadoobee,44,25686,beabadoobee
United Kingdom,Zara Larsson,45,25613,zara larsson
United Kingdom,Beyoncé,46,25527,beyoncé
United Kingdom,Coldplay,47,25448,coldplay
United Kingdom,Nirvana,48,25396,nirvana
United Kingdom,TV Girl,49,25231,tv girl
United Kingdom,Lorde,50,24853,lorde
